Follower_ID,Run_Index,A,Th,Ta,G,tau,lamb,Error,MSE,RMSE,MAE,MAPE,NRMSE,SSE,R-squared,Total Difference
8,1,2.7777044014127306,1.5240421857630682,2.7130635853628005,1.2282792320675449,1.0857850932895836,0.8583126019503782,39420.23,694.8979893858477,26.360917840353125,26.31524032042724,99.93324432576769,5.098823566799442,1040957.1880999999,-356.52588896010406,39420.23
12,7,1.2431021733067213,2.129628432315032,1.9244234928004071,1.7133031054550942,0.9715012351110488,0.7603349524978457,7739.549999999999,715.0566810344827,26.74054376848913,26.68810344827586,99.6551724137931,12.554245900699106,207366.4375,-2119.0187681252983,7739.549999999999
40,9,1.895407690394892,1.8012514841693026,2.64457093425056,1.4034245317072473,1.216378425646734,0.862214661744491,11112.31,407.49394692028983,20.186479309683744,20.130996376811595,99.81884057971014,4.304153370934699,224936.6587,-270.0163731304301,11112.31
