Follower_ID,Run_Index,A,Th,Ta,G,tau,lamb,Error,MSE,RMSE,MAE,MAPE,NRMSE,SSE,R-squared,Total Difference
694,1,6.4121774816579675,2.8347673209205224,3.8993457934781968,-0.15371661046810986,0.8433776607487851,0.22316779522976007,3115.0069110564573,31.091071861383057,5.575936859522627,5.62275615714162,9.829507164816526,0.07755210869257956,17224.453811206215,0.8435577211799861,3115.0069110564573
1416,1,9.019509022291553,4.244626913273261,4.8033010722195915,-0.7068047921421845,0.05138054895742232,0.14041089299592285,292.79614402495747,2.144979623346252,1.4645748950962707,1.1437349375974901,3.848495939162376,0.06704008077999246,549.1147835766405,0.901330288846834,292.79614402495747
1779,1,6.4706984514101205,2.705490067603468,5.018412347933868,-0.08224902291240822,0.879948222379971,0.07693984448789641,2858.815708932533,100.68795448053788,10.034338766482717,10.210056103330476,12.86662765448094,0.08003352959660437,28192.627254550607,0.934365769365142,2858.815708932533
2342,1,8.396504761796624,5.272079201401859,5.33926708177294,-0.2053512720901166,1.0954870789531181,0.4011712305967303,321.20075396900324,2.5860131399704263,1.6081085597590812,1.6304606800457018,2.5724503657827174,0.14690509749764824,509.444588574174,0.4258627224714652,321.20075396900324
