Follower_ID,Run_Index,A,Th,Ta,G,tau,lamb,Error,MSE,RMSE,MAE,MAPE,NRMSE,SSE,R-squared,Total Difference
8,1,5.703225559129541,3.011436739935637,2.5622412359559164,1e-06,1.4113688962858937,2.1729329969313667,2059.8605661787215,2.8023259458573353,1.6740149180510118,1.3750738091980783,5.230308488669089,0.32379398801760373,4197.884266894288,-0.4418002214024148,2059.8605661787215
12,7,3.0290620312387655,2.253729075386374,3.479048697789234,1e-06,0.762542399194578,1.5779953346171598,627.4629958429387,5.990705678436282,2.4475918120545104,2.163665502906685,8.086242220890853,1.1491041371147923,1737.304646746522,-16.7614010321893,627.4629958429387
40,9,4.428241895722096,3.7786677002054656,4.119993623394609,1e-06,1.3568771357193867,2.0414576723967275,771.4260879564202,2.9864364786579554,1.7281309205780548,1.3975110289065584,6.863873809194584,0.3684714116371118,1648.5129362191913,-0.9862213638933246,771.4260879564202
