Follower_ID,Run_Index,A,Th,Ta,G,tau,lamb,Error,MSE,RMSE,MAE,MAPE,NRMSE,SSE,R-squared,Total Difference
5366,1,6.2971137894954285,3.3469589719143817,5.607909822001894,-0.7521880219154312,1.1780194333805085,0.4027651921044336,8686.890059303512,63.57910995437765,7.973650980220896,8.141415238335062,44510842.40294369,0.13687573428902053,67838.91032132096,0.39346040832469276,8686.890059303512
195,2,6.847277675891119,5.25634413280512,3.007799050019422,-0.9445024530573265,1.2566617468257453,0.22492266691233992,7304.272802394466,70.47363450002312,8.394857622379496,8.33821096163752,18.438968905936065,0.1671970127746794,61734.903822020264,0.3957450591129187,7304.272802394466
286,3,6.895378623726912,2.905351815051765,4.180013207809467,-0.9786851737058532,1.4208868714027554,0.21778851014405437,3834.502478101409,51.72282768491356,7.1918584305389075,7.035784363488824,17.227148649345068,0.16538979985573765,28188.94108827789,0.5283601825987722,3834.502478101409
