Follower_ID,Run_Index,A,Th,Ta,G,tau,lamb,Error,MSE,RMSE,MAE,MAPE,NRMSE,SSE,R-squared,Total Difference
8,1,8.050961825438932,2.993699929309051,4.963927130696923,-0.15023163020459107,1.2988553323450198,0.0002203470811347058,5888.422936706961,20.420455588287094,4.518899820563307,3.9308564330487052,0.6545939477192164,0.03776593320857362,30589.84247125407,0.9619413214418565,5888.422936706961
12,7,5.415907263018029,5.410953877817864,3.9385497673535923,-0.005885500682772549,1.2939935760703258,0.055160506112686025,492.58824472215076,2.941652380275177,1.7151245961373118,1.698580154214313,0.7470972296699452,0.10651064658133581,853.0791902798013,0.700876656521124,492.58824472215076
40,9,5.116286190946433,4.560292700121458,3.379259408999468,-0.011896113959827107,0.9820136005032367,0.5361180385975848,2021.261213981563,18.39559205753905,4.28900828368739,3.661705097792687,1.5487464565956626,0.07423974898460892,10154.366815761558,0.8468292977189933,2021.261213981563
