Follower_ID,Run_Index,A,Th,Ta,G,tau,lamb,Error,MSE,RMSE,MAE,MAPE,NRMSE,SSE,R-squared,Total Difference
8,1,4.76130685705632,4.782935449712638,3.0367662154767237,1e-06,1.785921721723552,2.101096462651226,2107.188137499261,2.939957273799292,1.714630360689817,1.4066676485308818,5.35509735164726,0.3316499730541231,4404.055996151339,-0.5126117126181207,2107.188137499261
12,7,5.529562141905952,3.0116836473147637,2.621468791070415,1e-06,1.508618539956666,1.9132895158080225,280.40409292625253,1.3043521659133779,1.1420823814039764,0.9669106652629398,3.61092576713557,0.5361889114572653,378.2621281148796,-2.8671774494585747,280.40409292625253
40,9,4.462667783758629,3.207842280954912,5.488275444391458,1e-06,1.4445980262837144,1.8346766865701924,874.9497723979184,3.703277106185233,1.9243900608206312,1.5850539355034754,7.819391497734805,0.41031771019629654,2044.2089626142485,-1.4629782542796907,874.9497723979184
