Follower_ID,Run_Index,a_max,v0,s0,T,b,Error,MSE,RMSE,MAE,MAPE,NRMSE,SSE,R-squared,Total Difference
5366,1,2.738414175160969,11.741418945462472,6.692060261955755,0.6221636026770558,1.0023037018255239,200.53519508283847,0.08568803205328897,0.2927251817888051,0.23129780286371218,15.380846553166283,0.036363376619727335,74.29152379020154,0.978226496825043,200.53519508283847
195,2,0.8201886431696139,16.976117003500732,5.476439427311079,1.9280660731416117,0.6193587264482501,72.37882536993541,0.016721071601737025,0.12930998260666896,0.10706926829872103,5.244975305471714,0.02768950377016466,11.303444402774229,0.9906733745005926,72.37882536993541
286,3,0.5545471086294719,28.893824817414917,7.224172063606564,0.5674080621101365,2.1179099946814737,51.30691039611388,0.03787821086173769,0.194623253651093,0.14871568230757645,3.237011180363811,0.07026110240111662,13.067982747299503,0.9464351145263815,51.30691039611388
