Follower_ID,Run_Index,a_max,v0,delta,s0,T,b,Error,MSE,RMSE,MAE,MAPE,NRMSE,SSE,R-squared,Total Difference
5366,1,2.981005841937221,10.03473107469096,3.7971717068046984,5.992080930960559,0.6233327895768711,1.798288307077802,199.86648334140634,0.08231557599111142,0.2869069117172178,0.23052650904429797,18.252333076381113,0.03564061015120718,71.3676043842936,0.9790834447676864,199.86648334140634
195,2,0.7901527253118616,30.238071323966004,3.8124595803852315,5.151098346628026,1.9906244580832815,0.6184269161640258,72.5441735073541,0.01693723184222347,0.13014312061043976,0.1073138661351392,5.265941061491081,0.027867905912299734,11.449568725343065,0.9905528053373895,72.5441735073541
286,3,0.5345348501192303,36.51731178577671,4.341644563165358,6.069616896485703,0.7377618363636369,2.6344357904043623,54.43070172778788,0.04192713490001316,0.20476116550755702,0.15777014993561703,3.427900067760464,0.07392099837817943,14.46486154050454,0.9407093912816048,54.43070172778788
