Follower_ID,Run_Index,a_max,v0,s0,T,b,Error,MSE,RMSE,MAE,MAPE,NRMSE,SSE,R-squared,Total Difference
5366,1,3.020213427498818,10.605606859593603,6.789592927594818,0.6230768089795247,1.3368825376936946,194.56357551482455,0.08113613879746871,0.2848440604918219,0.2244101217010664,16.415843869869303,0.03538435534059899,70.34503233740537,0.9793831421567508,194.56357551482455
195,2,0.912972833526049,11.623508001243277,5.340263627403431,1.8614640290955915,0.8410722410707332,71.96212803224068,0.01701682724140493,0.13044856166859384,0.10645285211869923,5.153046102706337,0.02793331084980596,11.503375215189731,0.9905084088718207,71.96212803224068
286,3,0.5543325951835445,29.61286427896523,6.8321117611341435,0.6690306658363494,2.1813448689987247,52.73601420699402,0.03923969921056553,0.19809012900840248,0.15285801219418557,3.3366526102134078,0.07151268195249189,13.537696227645108,0.9445097868559478,52.73601420699402
