Follower_ID,Run_Index,a_max,v0,s0,T,b,Error,MSE,RMSE,MAE,MAPE,NRMSE,SSE,R-squared,Total Difference
5366,1,3.0755220846165776,10.76937231134702,6.761308784516256,0.6287944911750208,1.3694208098952207,195.05568539151167,0.08167170777424576,0.2857826232895306,0.22497772248155903,16.761042522211717,0.03550094699248827,70.80937064027107,0.9792470529907747,195.05568539151167
195,2,0.994630923849617,11.036809792012988,5.268572900041747,1.8632639992590196,0.9794241781685898,72.1002008244341,0.017319615684702666,0.1316040108989945,0.10665710181129304,5.080084219003536,0.028180730385223663,11.708060202859002,0.9903395205084761,72.1002008244341
286,3,0.5416879907298405,24.04395321312567,6.818640063080398,0.645474952918854,2.288704107369034,52.031967879079275,0.039455157323350545,0.19863322311071366,0.1508172982002298,3.298505433326082,0.0717087448053118,13.612029276555939,0.9442051001013959,52.031967879079275
