Follower_ID,Run_Index,a_max,v0,s0,T,b,Error,MSE,RMSE,MAE,MAPE,NRMSE,SSE,R-squared,Total Difference
2,1,1.4543141009137346,29.105163544576868,6.410678055161246,4.096083505309911,0.06621550979746918,22.22493809230243,0.32432578529726075,0.5694960801421383,0.5291651926738674,44.48401265661916,0.11079690275138876,13.621682982484952,0.818781309722498,22.22493809230243
