Follower_ID,Run_Index,a_max,v0,s0,T,b,Error,MSE,RMSE,MAE,MAPE,NRMSE,SSE,R-squared,Total Difference
31,1,1.0564579559568568,26.400761379604923,7.002214051854598,1.946247447304038,0.16669278519203534,285.4112677220611,0.7367108088871797,0.8583185940472102,0.577755602676237,10.317511119905195,0.08583185940472102,363.9351395902668,0.9243033155039247,285.4112677220611
