Follower_ID,Run_Index,a_max,v0,s0,T,b,Error,MSE,RMSE,MAE,MAPE,NRMSE,SSE,R-squared,Total Difference
13,1,4.366069698073638,24.088637655504478,6.787394040783386,1.0118562254751966,0.47854843020730065,143.3142993279975,0.11035934597938829,0.3322037717717671,0.24208496508107685,29.48034369814783,0.01952991015707037,65.33273281979787,0.9961355097708164,143.3142993279975
