Follower_ID,Run_Index,a_max,v0,s0,T,b,Error,MSE,RMSE,MAE,MAPE,NRMSE,SSE,R-squared,Total Difference
2,1,2.8603786668899107,30.01258543519082,7.045460797382624,1.7291231546818127,4.3579264369854505,255.7870421921396,0.26928734173584784,0.518929033429281,0.4145657085772117,4.310295710683941,0.06568721942142798,166.1502898510181,0.9492048373756976,255.7870421921396
