Follower_ID,Run_Index,a_max,v0,s0,T,b,Error,MSE,RMSE,MAE,MAPE,NRMSE,SSE,R-squared,Total Difference
13,1,4.703347189558591,20.40887430463047,6.758718367486095,0.9640129914392114,0.4400317647372053,139.1159690805826,0.10028679216179258,0.316680899584728,0.23499319101449764,29.417186263100742,0.018617336836256788,59.36978095978121,0.9964882237658621,139.1159690805826
