Follower_ID,Run_Index,a_max,v0,s0,T,b,Error,MSE,RMSE,MAE,MAPE,NRMSE,SSE,R-squared,Total Difference
2,1,1.7300285252672223,12.82696453604875,6.5431275015240535,3.7684028674919006,0.05659479146819202,23.724520489236987,0.37207799680860054,0.6099819643305862,0.5648695354580235,46.78678282542615,0.11867353391645644,15.627275865961224,0.7920995174622625,23.724520489236987
