Follower_ID,Run_Index,a_max,v0,s0,T,b,Error,MSE,RMSE,MAE,MAPE,NRMSE,SSE,R-squared,Total Difference
31,1,1.0606808730371424,24.964750392497052,7.086792163630243,1.8344747834863986,0.17104575108586684,282.21495116062897,0.7355712726735723,0.8576545182493778,0.5712853262360911,10.27223345547854,0.08576545182493778,363.3722087007447,0.9244204023067688,282.21495116062897
