Follower_ID,Run_Index,a_max,v0,s0,T,b,Error,MSE,RMSE,MAE,MAPE,NRMSE,SSE,R-squared,Total Difference
13,1,4.458015002473144,21.846007473757087,6.726012615669664,0.9741193205709825,0.44085452152634436,141.73493827647593,0.10506474621678628,0.324136925105404,0.23941712546702015,29.501015645847133,0.019055668730476424,62.19832976033748,0.9963209125463443,141.73493827647593
