Follower_ID,Run_Index,a_max,v0,s0,T,b,Error,MSE,RMSE,MAE,MAPE,NRMSE,SSE,R-squared,Total Difference
31,1,1.0503573796430599,27.6421986904319,7.101969870240164,1.825923122575257,0.17803357560136754,281.9209883201272,0.7337016818823536,0.8565638807948615,0.5706902597573426,10.248359985450696,0.08565638807948614,362.4486308498827,0.9246125018695177,281.9209883201272
