Follower_ID,Run_Index,a_max,v0,s0,T,b,Error,MSE,RMSE,MAE,MAPE,NRMSE,SSE,R-squared,Total Difference
2,1,2.803990978761193,27.695414993489507,7.024380422893404,1.737400789008,4.308333853467898,256.3083789442229,0.2699520229399668,0.5195690742720999,0.4154106627945266,4.3232924586731905,0.0657682372496329,166.5603981539595,0.9490794598156574,256.3083789442229
