Follower_ID,Run_Index,a_max,v0,s0,T,b,Error,MSE,RMSE,MAE,MAPE,NRMSE,SSE,R-squared,Total Difference
2,1,2.1162674533533354,10.076582420289537,6.961779904060308,3.957746673867888,0.07458736713504,23.579315776024647,0.3656059181643953,0.6046535521804162,0.5614122803815392,46.51336112652338,0.11763687785611208,15.355448562904602,0.7957158244857724,23.579315776024647
