Follower_ID,Run_Index,a_max,v0,s0,T,b,Error,MSE,RMSE,MAE,MAPE,NRMSE,SSE,R-squared,Total Difference
2,1,2.8595642862236885,29.68403596645527,7.0408949739046465,1.757809376907649,4.308216843797376,256.1856583087721,0.2697587387330744,0.5193830366242956,0.4152117638715917,4.320089000219504,0.0657446881802906,166.4411417983069,0.9491159186505159,256.1856583087721
