Follower_ID,Run_Index,th,dmin,lamb,Error,MSE,RMSE,MAE,MAPE,NRMSE,SSE,R-squared,Total Difference
694,1,1.5,4.678766847326818,0.01200137073920833,2202.2233727793127,19.11662712179095,4.372256525158485,3.975132441839915,5.347842527641365,0.05450031520759803,10590.611425472185,0.9244414547947013,2202.2233727793127
1416,1,1.5,3.0,0.034212558618017946,391.0631824204318,3.019143856469466,1.7375683746170871,1.5275905563298118,2.2190787821011693,0.05415868258776585,772.9008272561833,0.9411513961072464,391.0631824204318
1779,1,1.5,5.0,0.02204572074870565,1608.6488179727087,35.323379602054075,5.943347508101312,5.745174349902531,5.452838717748326,0.04771988375571028,9890.54628857514,0.9766151075576771,1608.6488179727087
2342,1,1.5,4.023160164860873,0.003820955950096804,185.3881893012412,0.9664395704671725,0.9830765842329745,0.9410567984834579,1.2692327119435116,0.08037215871982253,190.38859538203297,0.8298107896367595,185.3881893012412
