Follower_ID,Run_Index,th,dmin,lamb,Error,MSE,RMSE,MAE,MAPE,NRMSE,SSE,R-squared,Total Difference
694,1,1.6405838201643084,5.127172138651298,0.013052334149326855,2335.9226316094,11.13747814929943,3.337286045471594,4.216466844060289,5.659335803955298,0.0577604714519044,12340.325789423769,0.9154657208309966,2335.9226316094
1416,1,1.8231171641240047,5.109135789248758,0.033383585503049595,446.89306710100135,2.2726540221280125,1.5075324282177192,1.7456760433632865,2.5269287864789973,0.0637992571518015,1163.5988593295424,0.9192503986394936,446.89306710100135
1779,1,1.850478045555257,6.202038181322632,0.02261956317703237,1876.4831815977136,24.545689006817064,4.954360605246358,6.701725648563262,6.365765035711446,0.055318548515121774,13745.585843817555,0.9687484215788291,1876.4831815977136
2342,1,1.694252568089049,5.498293463393056,0.00571865572428093,208.21885841313204,0.5118760105696845,0.7154551073056118,1.0569485198636144,1.4599033872302383,0.09015549235692497,201.67914816445568,0.7842174673907076,208.21885841313204
