Follower_ID,Run_Index,th,dmin,lamb,h,Error,MSE,RMSE,MAE,MAPE,NRMSE,SSE,R-squared,Total Difference
8,1,0.7884231526684535,8.4577857520946,1.670999035516541,2.0845518705860333,4570.549953836215,11.736079981162028,3.4257962550569214,3.051101437807887,0.5248625668785885,0.02968757985912042,17580.64781178072,0.9764563022285467,4570.549953836215
12,7,0.05302893340119591,8.353797117823529,3.1316752572584026,1.8051894289848576,1219.5380526073384,24.588652914258873,4.958694678467195,4.205303629680477,1.8178560051926154,0.28263388562662983,7130.709345135073,-1.1022078833770115,1219.5380526073384
40,9,-0.006917909645271253,9.398561752469787,0.8354682778444207,4.241432093087245,1373.3392149582332,10.051967923589816,3.1704838626919103,2.487933360431582,0.863064597356946,0.04484649079673626,5548.686293821578,0.9447631796939325,1373.3392149582332
