Follower_ID,Run_Index,th,dmin,lamb,Error,MSE,RMSE,MAE,MAPE,NRMSE,SSE,R-squared,Total Difference
8,1,2.691750049432501,2.9439640175727684,1e-06,315.0885430304873,0.0676227454021476,0.2600437374791933,0.2103394813287632,0.7946308244345092,0.05029859525709733,101.29887261241711,0.9652080124951963,315.0885430304873
12,7,1.2268201043755396,2.915321975306246,0.04856510240959521,244.54928527658797,1.3155484994921804,1.1469736263280776,0.8432733975054757,3.1164269241903435,0.5384852705765616,381.5090648527323,-2.900372632373183,244.54928527658797
40,9,0.759544249849514,4.110153727402852,0.001776024334308123,152.49091445476054,0.1233284775258578,0.3511815449676389,0.27625165662094303,1.352323004888617,0.07487879423617033,68.0773195942735,0.91797660570086,152.49091445476054
