Follower_ID,Run_Index,Tmax,Alpha,Beta,Wc,Gamma1,Gamma2,Wm,Error,MSE,RMSE,MAE,MAPE,NRMSE,SSE,R-squared,Total Difference
8,1,4.93634364754845,0.5030876760055382,4.681180896085058,124962.64322120228,1.0387599562927958,1.7697296860819254,2.0828064306187555,1.1312128044835284e+58,1.894430525059602e+111,4.3525056290137085e+55,7.551487346351991e+54,6.432176790286591e+54,2.791564271440684e+54,2.8378569265392843e+114,-2.1370048028314052e+110,1.1312128044835284e+58
12,7,5.0027167147526725,0.10917976440847481,6.7534131825018004,126153.21180133031,0.4681303928921212,1.5056789056532949,3.2413326053889486,21926668907653.297,3.6766237780214003e+22,191745241871.1192,75609203129.83896,67862199885.30609,29898545615.766735,1.0662208956262062e+25,-2.3899659048758855e+22,21926668907653.297
40,9,2.23451832406599,0.41454411236675814,7.736675365935822,103195.05203869267,1.5494999766763904,1.7411959953678782,3.553419987964765,1.8171853861870696e+22,1.3266649791165685e+40,1.1518094369801667e+20,3.2920025112084595e+19,4.144301930296274e+19,8.170181218586159e+18,7.323190684723459e+42,-1.934563352916211e+39,1.8171853861870696e+22
