Follower_ID,Run_Index,th,dmin,lamb,Error,MSE,RMSE,MAE,MAPE,NRMSE,SSE,R-squared,Total Difference
5366,1,0.8980522025221703,4.458242270876295,0.2275306001958861,300.0407444685239,0.13475305694669015,0.36708726067066144,0.28120032283835417,26.47709742070001,0.045600901946666016,143.78151176211838,0.9619821513621875,300.0407444685239
195,2,2.071055651849838,5.036275592138511,0.23718160044179637,97.09713817810919,0.01835443311917344,0.13547853379474342,0.11084148193848081,4.586283928781233,0.029010392675533923,16.078483412395933,0.9880003940213127,97.09713817810919
286,3,2.2366578350302535,2.422666224181375,1e-06,590.9346507754732,1.4195402143841356,1.1914445914032827,1.0842837628907764,45.11707599706873,0.22063788729690423,773.6494168393539,0.5201669957262467,590.9346507754732
