Follower_ID,Run_Index,th,dmin,lamb,Error,MSE,RMSE,MAE,MAPE,NRMSE,SSE,R-squared,Total Difference
694,1,1.0,5.0,0.00651125692937226,1702.1778217956985,9.730829148686897,3.119427695697866,3.0725231440355567,3.863620941228551,0.03856457588489569,5390.879348372542,0.962234410460586,1702.1778217956985
1416,1,1.0,3.0,0.030268779219958977,287.4474883751524,1.6377315798037895,1.2797388717249272,1.122841751465439,1.5817895059864822,0.03822524041466416,419.2592844297701,0.97102767477892,287.4474883751524
1779,1,1.0,5.0,0.024312786348575102,1096.1707182178973,18.289506066626274,4.276623208400089,3.9148954222067758,3.696267023593984,0.03397481381768785,5121.061698655356,0.9881877858437054,1096.1707182178973
2342,1,1.0,3.0,0.004046824888581595,128.96307341446837,0.45565775780930867,0.6750242646078055,0.6546348904287734,0.8947227489559495,0.057500017375153374,89.7645782884338,0.9125681165755342,128.96307341446837
