Follower_ID,Run_Index,lamb,Error,MSE,RMSE,MAE,MAPE,NRMSE,SSE,R-squared,Total Difference
694,1,0.2589709319914845,5623.884180674122,178.05851726795066,13.34385691125136,10.151415488581447,9.274087680410265,0.09036710526857865,98644.41856644467,0.8250303187087746,5623.884180674122
1416,1,0.08175750487143438,283.4834772200129,1.8696217091104348,1.3673411092739203,1.1073573328906754,3.8053388297787625,0.08548929532533633,478.6231575322713,0.8303889076399957,283.4834772200129
1779,1,0.15422086191659967,1452.373062498923,24.1217674659448,4.911391601770806,5.187046651781868,8.515982470163502,0.05934391511712597,6754.094890464545,0.9590310525685262,1452.373062498923
2342,1,0.05518834966668096,591.245453489859,12.332859886745611,3.511817177295198,3.0012459568013146,7.726022241191114,0.6646216665385486,2429.5733976888855,-11.287719869653495,591.245453489859
