Follower_ID,Run_Index,lamb,Error,MSE,RMSE,MAE,MAPE,NRMSE,SSE,R-squared,Total Difference
694,1,0.2753086004342048,5652.43493416546,180.94882045189922,13.451721839671649,10.202951144702995,9.362807636255841,0.09223670910467532,100245.64653035217,0.816904082461761,5652.43493416546
1416,1,0.0790419892460022,269.99907859780717,1.7155350493979906,1.309784352249633,1.0546839007726843,3.8223817152952173,0.08554114346238659,439.1769726458856,0.8290197000851313,269.99907859780717
1779,1,0.133681814057452,1771.1632957810855,35.85584311082006,5.987974875600269,6.325583199218162,9.830291074092813,0.0711103891494792,10039.636071029618,0.9414543860050317,1771.1632957810855
2342,1,0.05638663091389337,591.8195760395207,12.796217362000371,3.577180085206834,3.004160284464572,7.724369054833374,0.6649839775528457,2520.854820314073,-11.291105773864661,591.8195760395207
