Follower_ID,Run_Index,th,dmin,lamb,Error,MSE,RMSE,MAE,MAPE,NRMSE,SSE,R-squared,Total Difference
694,1,0.7975353249365559,2.0821706069698904,0.012838712468490934,1287.7472166598795,6.784442381461684,2.6046962167327083,2.3244534596748725,3.8678117208126777,0.03154468733264548,3758.581079329773,0.9748445400071122,1287.7472166598795
1416,1,0.9003120320915937,2.3796978074255755,0.032685049219120986,254.84666543734744,1.3463970707828792,1.1603435141297076,0.9954947868646384,2.216544184326709,0.03377517764217806,344.67765012041707,0.9775460777295372,254.84666543734744
1779,1,0.7236348205970858,3.0878213368392347,0.0262812535747453,798.721762860803,9.724902967212374,3.118477668224093,2.8525777245028676,2.495562385765752,0.025265115956991886,2722.972830819465,0.9934254618532399,798.721762860803
2342,1,0.8567130381634833,2.0057180763931797,0.004348118317795011,111.61437695750912,0.34201335135508615,0.5848190757448718,0.5665704414086757,0.8413563361601039,0.05007405736643975,67.37663021695198,0.9336626761509645,111.61437695750912
