Follower_ID,Run_Index,Tmax,Alpha,Beta,Wc,Gamma1,Gamma2,Wm,Error,MSE,RMSE,MAE,MAPE,NRMSE,SSE,R-squared,Total Difference
694,1,4.4048655490307365,0.40725383527685827,5.342684397633802,69652.33660066978,0.5795528780399248,0.6869052266779283,6.843704233806393,4.0796452372198755e+22,6.662495127902604e+40,2.58118095605531e+20,7.363980572599052e+19,1.2898944527158498e+20,7.706174249585428e+18,3.691022300858043e+43,-1.7283589043583265e+39,4.0796452372198755e+22
1416,1,4.19943995028733,0.3495680458609299,2.2675670893306448,68700.60018119242,1.4916409917418751,0.9516199455833183,7.879657665745574,18692850648.88015,3.0270039270286496e+16,173982870.62319237,73018947.84718809,337456638.3602794,15578764.57726504,7.749130053193343e+18,-5932059720398935.0,18692850648.88015
1779,1,6.876849800661417,0.2575318528579928,6.8734788421176685,118230.73585650418,1.3176512535980638,1.0727393437662724,5.63669450849812,5083302667578.462,2.0466132328214537e+21,45239509643.91031,18154652384.208794,145779070672.66537,1130427468.7749932,5.73051705190007e+23,-1.7503512687557052e+19,5083302667578.462
2342,1,5.472926398859311,0.3857666682933087,3.6647032340228014,121818.23660410734,1.3011143558201623,1.3005095784460874,5.616198630988754,1045485752.1818254,123047600186923.5,11092682.280987024,5307034.2750346465,17626928.049345575,2730999.8699464765,2.424037723682393e+16,-209792446461693.94,1045485752.1818254
