Follower_ID,Run_Index,lamb,Error,MSE,RMSE,MAE,MAPE,NRMSE,SSE,R-squared,Total Difference
5366,1,-0.8966498234676563,5826.504652976462,23.245218416802068,4.82132952792091,5.460641661646169,inf,0.13103572744303596,24802.648050727807,0.4096783778707642,5826.504652976462
195,2,-0.9651291000012487,4679.446202641428,18.67759232830171,4.321758013621507,5.341833564659164,22.058121713039473,0.1531101355860779,16361.570879592296,0.4428928937800779,4679.446202641428
286,3,-1.0027678920325724,8212.774416136892,561.4660914773636,23.695275720644478,15.06931085529705,44.61834159979158,0.26053122385893956,305999.01985516323,0.07256997361609463,8212.774416136892
