Follower_ID,Run_Index,th,dmin,lamb,Error,MSE,RMSE,MAE,MAPE,NRMSE,SSE,R-squared,Total Difference
694,1,1.3064891245819412,5.47600421624395,0.012170306020153697,inf,16.185324301512864,4.023098843119923,3.559876371781691,5.929927281668665,0.04840006631743253,8966.669663038127,0.9408657714814361,1972.1715099670569
1416,1,1.422248688897622,3.74680863952043,0.034575381259747934,inf,3.179974796343505,1.7832483832443267,1.4476104711266038,3.285200514021663,0.05156814300081649,814.0735478639373,0.9477552170775623,370.58828060841057
1779,1,1.2113877745422867,5.67230959697374,0.02508287293255233,inf,25.368279424347268,5.036693302589236,4.585161905129157,4.1259421738015964,0.03935555565666825,7103.118238817235,0.9842364609897767,1283.8453334361639
2342,1,1.368478451537432,4.172167961781303,0.006096901184607096,inf,0.7189559589886276,0.8479127071748763,0.893512787388689,1.3300266664869762,0.07628571471120134,141.63432392075964,0.8453771408964554,176.0220191155717
