Follower_ID,Run_Index,th,dmin,lamb,h,Error,MSE,RMSE,MAE,MAPE,NRMSE,SSE,R-squared,Total Difference
8,1,0.7897112555293347,8.493749190298264,4.112820862621437,1.042553332271444,4570.5502324824365,11.736037230987783,3.4257900156004575,3.0511016238200512,0.5248771345852816,0.029688279564029012,17580.583772019698,0.9764551748229202,4570.5502324824365
12,7,0.05299898405718588,9.236458865333066,4.145065561810319,1.5220903635192637,1216.1682870871718,24.64180551120941,4.964051320364185,4.193683748576454,1.8161759108063218,0.28253753343067733,7146.123598250729,-1.1007049581675235,1216.1682870871718
40,9,-0.0018133928746846412,4.7388788866108165,2.486429008604456,1.6101607142172405,1027.2430923058755,3.967496953091228,1.9918576638633665,1.860947630988905,0.8078299818281673,0.04138081192090412,2190.058318106358,0.9519886163148159,1027.2430923058755
