Follower_ID,Run_Index,th,dmin,lamb,Error,MSE,RMSE,MAE,MAPE,NRMSE,SSE,R-squared,Total Difference
694,1,2.2735303086300274,6.0,0.1,3062.6764613752166,50.30174349088157,7.092372204762069,5.5282968616881165,8.773241916458215,0.0641976068334412,27867.165893948393,0.90310667475648,3062.6764613752166
1416,1,2.1838151349659065,4.599608040330836,0.1,317.1378950089261,1.5927493003173505,1.2620417189290338,1.2388199023786175,3.555511412976636,0.06068725146227924,407.74382088124173,0.9183585897927615,317.1378950089261
1779,1,1.2713488729888687,5.85932238632022,0.2261979165722548,917.7815460725071,9.540079298293406,3.08870187915464,3.2777912359732397,5.903816668199221,0.03904503907786238,2671.2222035221544,0.9820466247943898,917.7815460725071
2342,1,2.9430672579166712,5.310696409554938,0.1,585.3747143018652,8.371990818932332,2.8934392716855717,2.971445250263275,6.393119421539283,0.44371088438654444,1649.2821913296693,-4.420864941851525,585.3747143018652
