Follower_ID,Run_Index,th,dmin,lamb,Error,MSE,RMSE,MAE,MAPE,NRMSE,SSE,R-squared,Total Difference
694,1,0.8590408576698896,2.1548310721133745,0.014884718409711978,1396.4030670999337,8.300354169984816,2.8810335246200824,2.520583153609989,4.137207301681851,0.033835766999317965,4598.396210171588,0.9712542742141805,1396.4030670999337
1416,1,0.9065001016411446,2.020227361597488,0.037325447540602026,255.1325152226416,1.5321175573472634,1.237787363543215,0.9966113875884437,2.194774987685135,0.034148423385034356,392.22209468089943,0.9774044623557567,255.1325152226416
1779,1,0.8150741601364296,2.2338055099909093,0.02398020799625601,901.8294916996646,11.064668779849049,3.3263596888864932,3.220819613213088,2.871124463649195,0.02758968940702611,3098.1072583577334,0.9920994160750325,901.8294916996646
2342,1,0.7389255722290959,1.7957291708671348,0.005999280596553122,100.90716425389694,0.24347950396313003,0.4934364234256831,0.5122191078878017,0.7528332049713445,0.044407409918650415,47.96546228073662,0.9476026546203611,100.90716425389694
