Follower_ID,Run_Index,th,dmin,lamb,Error,MSE,RMSE,MAE,MAPE,NRMSE,SSE,R-squared,Total Difference
8,1,2.7333099305526862,1.8153360627289084,1e-06,316.66039367037956,0.06740924862343776,0.25963291128714355,0.21138878082134818,0.8011502230809052,0.050219131777010345,100.97905443790977,0.9653178568561878,316.66039367037956
12,7,1.4552045868523666,2.9468666895633193,0.05087786616683556,251.81335488374324,1.3873266094517314,1.177848296450664,0.8683219133922181,3.211039236228385,0.5529804208688557,402.3247167410021,-3.1131822519332175,251.81335488374324
40,9,0.7541613980722852,3.299953458613675,0.002877302321375443,152.38135186095153,0.12336248629814853,0.35122996213043745,0.27605317366114407,1.3513494196586435,0.07488911772503995,68.09609243657799,0.9179539871216382,152.38135186095153
