Follower_ID,Run_Index,th,dmin,lamb,Error,MSE,RMSE,MAE,MAPE,NRMSE,SSE,R-squared,Total Difference
5366,1,0.8903510394090536,4.69017689022435,0.23013594822288705,243.80126163606909,0.11795913254787627,0.3434517907186921,0.2812009938132285,31.073879128773108,0.04266481872281889,102.27056791900873,0.9700263445722608,243.80126163606909
195,2,2.337504509608223,4.779921329980003,0.18970792046822496,77.5951121866519,0.018418838832087683,0.13571602275371794,0.11478566891516553,5.012843148715261,0.02906124684233789,12.451135050491274,0.9897263993592983,77.5951121866519
286,3,1.0252471791787148,3.8440475998017285,0.07554150322823178,67.38846472786685,0.06374541051868267,0.2524785347681713,0.19532888326917927,4.469757856269962,0.09114748547587412,21.99216662894552,0.9098554145979695,67.38846472786685
