Follower_ID,Run_Index,th,dmin,lamb,Error,MSE,RMSE,MAE,MAPE,NRMSE,SSE,R-squared,Total Difference
8,1,2.726527706139805,3.0726702229604768,1e-06,315.90170111818287,0.06736218216365857,0.25954225506390777,0.21088231049277895,0.7985843332615394,0.050201596724160094,100.90854888116053,0.9653420726089023,315.90170111818287
12,7,1.6447695078623532,2.6748470096470456,0.05136169532472846,251.18941199298357,1.4510790770136752,1.204607436891237,0.8661703861827019,3.2048115805955977,0.5655433976015191,420.8129323339658,-3.302197236801393,251.18941199298357
40,9,0.7564450880869509,3.840361527681218,0.002239600771680971,152.42465369993153,0.12333765298663757,0.3511946084247843,0.2761316190216151,1.3517340778604565,0.07488157962148917,68.08238444862394,0.917970503278674,152.42465369993153
