Follower_ID,Run_Index,th,dmin,lamb,Error,MSE,RMSE,MAE,MAPE,NRMSE,SSE,R-squared,Total Difference
694,1,2.7375024951514324,5.851056273212905,0.07194286359684131,3165.6694946979032,23.152206206918176,4.811673950603696,5.714204864075637,6.7669188012357875,0.06664326682770573,25652.64447726534,0.893313683383021,3165.6694946979032
1416,1,2.013270365318957,3.2099322817191025,0.08851792667175572,263.1142031055533,0.49407137211085583,0.7029021070610444,1.0277898558810676,2.1432686735492137,0.06322389420638304,252.9645425207582,0.9069818894856824,263.1142031055533
1779,1,1.6983433085417272,2.5243105287427343,0.15947217387722085,1640.733432486065,15.565760833273526,3.9453467316920987,5.859762258878804,7.536783213100465,0.06626760348355201,8716.826066633175,0.9491554866361971,1640.733432486065
2342,1,3.2884165222395496,2.866182979285283,0.08410319585746064,499.14750138473215,2.583447713539587,1.6073107084629241,2.533743661851432,5.457055610003211,0.41416380310374956,1017.8783991345973,-3.7633373608999374,499.14750138473215
