Follower_ID,Run_Index,lamb,Error,MSE,RMSE,MAE,MAPE,NRMSE,SSE,R-squared,Total Difference
8,1,0.7880913201639024,4570.549965410452,11.736091034834681,3.4257978683563164,3.051101445534347,0.524858900823616,0.029687399459870565,17580.664370182352,0.9764565928949671,4570.549965410452
12,7,0.05183403200189081,1195.2424571731271,28.220273727479793,5.312275757853671,4.121525714390094,1.764346865834939,0.2794656519659522,8183.879380969141,-1.0513435525015504,1195.2424571731271
40,9,-0.0018665484288686168,1027.8173853458713,3.94302440704474,1.9857050151129547,1.8619880169309264,0.8077817385058531,0.041390407702212376,2176.549472688697,0.9519592763596318,1027.8173853458713
