Follower_ID,Run_Index,th,dmin,lamb,Error,MSE,RMSE,MAE,MAPE,NRMSE,SSE,R-squared,Total Difference
8,1,0.5916478147139144,1.8254593769662004,0.0009754671517338484,1937.478599586798,2.705349591144354,1.644794695743014,1.2933769022608799,0.17293559076908815,0.009960750783050035,4052.613687534242,0.9973829814594586,1937.478599586798
12,7,0.8023432908830893,3.7933587894168492,0.000791294286497532,186.34929028567922,0.4244616753661882,0.6515072335486293,0.6425837596057904,0.2896157474030916,0.04346281385810945,123.09388585619459,0.9501173141154995,186.34929028567922
40,9,0.5721673928728533,3.804961599339518,-0.00035077706544589526,372.06757195052523,0.6312733160800992,0.79452710216839,0.6740354564321109,0.3757545031418482,0.019058637731956665,348.46287047621473,0.9897549130577218,372.06757195052523
