Follower_ID,Run_Index,Tmax,Alpha,Beta,Wc,Gamma1,Gamma2,Wm,Error,MSE,RMSE,MAE,MAPE,NRMSE,SSE,R-squared,Total Difference
5366,1,3.2100478655661098,0.5768664409783041,7.081858516179237,64505.17405188213,1.0074400221350952,0.5784012799846084,5.792059524725727,5.037176894404146e+42,5.273656726939773e+80,2.296444366175626e+40,4.7208780641088524e+39,inf,5.97730414556862e+38,5.626991727644738e+83,-1.2219776528150645e+79,5.037176894404146e+42
195,2,2.299859607249175,0.5795490061045874,2.1857556683729262,120723.58411908805,1.891817467482079,0.5727942442728706,7.228218030871058,3.2325795918856214e+34,2.6454296629869216e+64,1.6264776859787905e+32,3.6901593514676045e+31,2.834442077680124e+32,7.528331566072423e+30,2.317396384776543e+67,-1.3919189534221695e+63,3.2325795918856214e+34
286,3,6.834745212433191,0.022696259080701695,2.0836504300002447,84288.17752761384,1.715076100119665,0.7363784261314513,5.29762827492594,1.4517082090166597e+22,8.575590501341759e+39,9.26044842399209e+19,2.6636847871865315e+19,2.2704954535425324e+20,3.6201408850579005e+18,4.6736968232312586e+42,-2.513165182960779e+38,1.4517082090166597e+22
