Follower_ID,Run_Index,lamb,Error,MSE,RMSE,MAE,MAPE,NRMSE,SSE,R-squared,Total Difference
8,1,0.7905053858275582,4570.550445307201,11.736010999536461,3.4257861870724597,3.0511017658926574,0.5248861181340198,0.029688710491423125,17580.54447730562,0.9764544804768338,4570.550445307201
12,7,0.052689336573384385,1195.5248344456645,25.32353923173654,5.0322499174560615,4.122499429122981,1.8022645931344108,0.2817186605972668,7343.826377203597,-1.0877301565881565,1195.5248344456645
40,9,-0.0019400916338202928,1028.6945434011338,3.9116358150976316,1.9777855837015375,1.8635770713788657,0.8077237151014885,0.04140446973785528,2159.2229699338927,0.9519174352899415,1028.6945434011338
