Follower_ID,Run_Index,th,dmin,lamb,h,Error,MSE,RMSE,MAE,MAPE,NRMSE,SSE,R-squared,Total Difference
9619,1,-0.02951651660003464,9.161217818643292,2.722645917944286,4.023288314427315,1395.6356934549608,19.30327170408921,4.393548873529144,4.281091084217671,19.332869608835345,0.2414809274378473,6292.866575533081,-1.2165940065963272,1395.6356934549608
4766,2,4.068366461108185,8.30688611835344,3.10205218698589,1.5727348258606697,5199.596367149498,15.434268312250449,3.9286471351154013,4.692776504647561,2074623.8415356334,0.12390194506669347,17101.169289973495,0.5257240195490964,5199.596367149498
