Follower_ID,Run_Index,th,dmin,lamb,Error,MSE,RMSE,MAE,MAPE,NRMSE,SSE,R-squared,Total Difference
5366,1,1.1466409789585381,5.746149456688573,0.4200096578293862,1458.347711255174,0.9635597914834156,0.9816108146732164,1.366773862469704,2.0098995181051604,0.025219672463488507,2056.236595025609,0.9793917892020901,1458.347711255174
195,2,2.3324228053655087,5.695966820949658,0.2001403063023837,464.30211838240325,0.14473493211528268,0.38044044489943846,0.5300252492949808,1.3519928646152208,0.015827414876807045,253.57560106597526,0.9937315909711509,464.30211838240325
286,3,2.0875711080772392,2.307806488993811,0.2097403925306595,7116.6651740328625,276.0802305229389,16.615662205369333,13.058101236757546,24.34936385521506,0.301747053992406,300927.45127000334,-0.2323345605669231,7116.6651740328625
