Follower_ID,Run_Index,th,dmin,lamb,Error,MSE,RMSE,MAE,MAPE,NRMSE,SSE,R-squared,Total Difference
8,1,1.2265916424650813,4.108689582453563,0.4,3987.0621747691557,7.653302410345959,2.766460267263197,2.661590236828542,0.5023014274118701,0.02926863918843765,11464.647010698247,0.9769938419629463,3987.0621747691557
12,7,2.99693675746675,4.955273854218552,0.1,2357.879905588836,80.05612404195935,8.947408789250625,8.130620364099435,2.9995452469954347,0.43190986486451005,23216.275972168212,-3.8886158291667847,2357.879905588836
40,9,1.0776478984491271,3.0924669953456267,0.10207537378500224,5665.169818782376,108.16113317918739,10.40005447962593,10.262988802141985,1.6091795988692708,0.05968903600693438,59704.945514911444,0.9109403963585894,5665.169818782376
