Follower_ID,Run_Index,th,dmin,lamb,Error,MSE,RMSE,MAE,MAPE,NRMSE,SSE,R-squared,Total Difference
5366,1,0.8812667036092521,4.304056240049363,0.2180928231739459,245.1507019335915,0.11885449111861804,0.34475279711500245,0.2827574416765761,31.10814047526954,0.0428264344242239,103.04684379984184,0.969798832138895,245.1507019335915
195,2,2.3774536110096496,4.597350427492738,0.17480830866218106,78.12036656679062,0.018748549642902675,0.1369253433185496,0.1155626724360808,5.054539225902735,0.029320201995406768,12.674019558602208,0.9895424943244524,78.12036656679062
286,3,1.0668453283015822,3.432641084258351,0.0761928138015534,67.39868194357398,0.06399983835744241,0.25298189333911314,0.19535849838717095,4.489735372276365,0.091329203371521,22.079944233317633,0.9094956194087455,67.39868194357398
