Follower_ID,Run_Index,lamb,Error,MSE,RMSE,MAE,MAPE,NRMSE,SSE,R-squared,Total Difference
5366,1,11.236424000132244,5310.891026012128,16.326536140309866,4.040610862271925,4.97740489785579,inf,0.11575081720886407,17420.414061710628,0.5364345038405328,5310.891026012128
195,2,10.773020192625635,6278.639793429895,34.972988369705426,5.913796443039397,7.167397024463351,19.27745457786102,0.14545507612320493,30636.33781186196,0.5240349651242427,6278.639793429895
286,3,10.881717404259359,9289.371376037932,657.804477475016,25.647699262799694,17.04471812117052,43.455247448398225,0.2529198514297533,358503.4402238837,0.16443211030538163,9289.371376037932
