Follower_ID,Run_Index,th,dmin,lamb,Error,MSE,RMSE,MAE,MAPE,NRMSE,SSE,R-squared,Total Difference
8,1,1.276549798991326,2.7534251775710574,0.3260535055246374,4029.325929057244,3.9269648517460123,1.9816570974177172,2.689803690959442,0.6603190358840434,0.02903590506220575,11765.186695831053,0.9773698170280877,4029.325929057244
12,7,2.7226471844503557,2.7271384338302935,0.08070670352676972,2371.920453325446,37.01479616227706,6.0839786457775356,8.179036045949815,3.047057586627119,0.4026612755750698,21468.581774120696,-3.2452705623099316,2371.920453325446
40,9,0.48362936376301713,3.2611202670138573,0.30691012175050986,509.3009619213824,0.4172551500879856,0.6459529008279052,0.9226466701474318,0.8344104894766737,0.0384670824253078,460.6496856971361,0.9575499332382117,509.3009619213824
