Follower_ID,Run_Index,th,dmin,lamb,Error,MSE,RMSE,MAE,MAPE,NRMSE,SSE,R-squared,Total Difference
8,1,2.694270965061411,2.5107441221887723,1e-06,288.0760151591978,0.07242565213557767,0.26912014442545484,0.22193837839691666,0.845287839773321,0.05205418654264115,94.00849647197981,0.959766844518658,288.0760151591978
12,7,2.0637729993274725,2.770786805853977,0.054659748543992685,9.230344036914854,0.017038433914817325,0.13053135222932966,0.10255937818794282,0.3895162989273431,0.0981438738566387,1.5334590523335592,0.9273817900299687,9.230344036914854
40,9,1.2893878130838448,3.4070748855343087,1e-06,97.59339427330403,0.1422460389440546,0.37715519212129983,0.27725396100370464,1.2966880846741553,0.08937326827518949,50.07060570830722,0.9109833311213623,97.59339427330403
