Follower_ID,Run_Index,th,dmin,lamb,Error,MSE,RMSE,MAE,MAPE,NRMSE,SSE,R-squared,Total Difference
5366,1,2.839149055962273,5.656347644910414,0.4,4260.019740854589,11.77430553646586,3.4313707955372386,3.9925208442873372,12672132.393463125,0.11467837104089809,12563.184007409072,0.5358922017262473,4260.019740854589
195,2,3.0,5.483321048436855,0.4,4216.89715426087,14.229537636977692,3.772205937774036,4.813809536827477,19.814306535835996,0.14222726049431345,12465.074969992458,0.5153962006185051,4216.89715426087
286,3,3.0,5.345613108977973,0.4,8114.677176680804,574.1492438424178,23.961411557803054,14.889315920515237,43.50607501838655,0.24851575442158422,312911.3378941177,0.17603731714153503,8114.677176680804
