Follower_ID,Run_Index,lamb,Error,MSE,RMSE,MAE,MAPE,NRMSE,SSE,R-squared,Total Difference
8,1,-0.8846719118653318,4939.44705619405,12.463743999363475,3.530402809788633,3.297361185710314,0.9859055974191595,0.05730952534879272,18670.688511046483,0.9110478577967039,4939.44705619405
12,7,-0.7631067650144981,69963.2277293036,42254.078260759125,205.55796812762847,241.25250941139174,183.3348559463807,24.930199140677125,12253682.695620146,-16567.046395861642,69963.2277293036
40,9,-0.8749408980353811,11564.771938881999,352.9053719954025,18.78577578902193,20.950673802322463,10.383436218922665,0.5012995989755525,194803.76534146216,-6.115863609584544,11564.771938881999
