Follower_ID,Run_Index,lamb,Error,MSE,RMSE,MAE,MAPE,NRMSE,SSE,R-squared,Total Difference
5366,1,11.20789177659922,5185.949051620017,15.094291221280582,3.8851372203926826,4.86030838952204,inf,0.1148959682468434,16105.608733106383,0.5414818892216589,5185.949051620017
195,2,10.83615661426162,6265.954626928206,34.88444868340168,5.906305840658921,7.152916240785624,19.274685190131667,0.1452025873970817,30558.777046659874,0.525724468822742,6265.954626928206
286,3,11.013371534151881,9336.251090860782,658.3137108579077,25.657624809360428,17.130735946533544,43.756603078881945,0.2542232106224722,358780.9724175597,0.1540982123586252,9336.251090860782
