Follower_ID,Run_Index,th,dmin,lamb,h,Error,MSE,RMSE,MAE,MAPE,NRMSE,SSE,R-squared,Total Difference
5366,1,4.068141404602537,8.419861439498888,2.779885688257394,5.143992374570296,7154.264691469978,46.898240419664916,6.848228998775151,6.705027827057149,13792130.079129316,0.11910491061442878,50040.422527782466,0.5398358911503033,7154.264691469978
195,2,4.095792943499203,3.3311994619113787,3.239175690263668,2.525095754844451,6555.939153442207,38.709452588176816,6.221692100078307,7.483948805299322,19.286424574690365,0.14697694127558236,33909.480467242895,0.5174573379552845,6555.939153442207
286,3,4.213825055158834,2.032876005050767,1.9663460720911505,2.510903822877089,9505.884307941746,673.0081746367293,25.942401096211764,17.441989555856413,43.32789730074312,0.2532275034497124,366789.45517701755,0.16601974456256124,9505.884307941746
