Follower_ID,Run_Index,th,dmin,lamb,Error,MSE,RMSE,MAE,MAPE,NRMSE,SSE,R-squared,Total Difference
5366,1,2.9156662803497744,4.942614101816281,0.4,4538.868972055307,12.756520670649014,3.5716271740831256,4.253860329948741,13060192.965394126,0.11499691295580601,13611.207555582496,0.535695234700262,4538.868972055307
195,2,4.188698715883866,5.214007755354697,0.38297254093995026,2320.09648837851,5.389468661853762,2.3215229186578714,2.6485119730348283,19.588764368570523,0.14103521020953927,4721.174547783896,0.49473127183263177,2320.09648837851
286,3,4.923541397100407,3.3054232124642446,0.21666792761315498,7916.505698055813,526.0183898333689,22.935090796274796,14.525698528542776,42.75210302495114,0.24578121124746793,286680.0224591861,0.18315351446501305,7916.505698055813
