Follower_ID,Run_Index,th,dmin,lamb,Error,MSE,RMSE,MAE,MAPE,NRMSE,SSE,R-squared,Total Difference
694,1,1.3,5.496424973929342,0.011081327313174306,1961.1193505092688,7.77094219087652,2.7876409723772753,3.539926625467994,4.76277639685876,0.048597376314618704,8610.203947491183,0.9400657190448303,1961.1193505092688
1416,1,1.3,3.0,0.04460952842587683,393.85132032054366,2.370244466762247,1.5395598288998862,1.5384817200021237,1.945459692235187,0.05215685181324073,1213.5651669822705,0.9495759349899189,393.85132032054366
1779,1,1.3,6.0,0.021712265741677034,1398.4884395489642,13.858178934499986,3.722657509696532,4.994601569817729,4.735089556520466,0.0421737705467842,7760.580203319992,0.9817486802178412,1398.4884395489642
2342,1,1.3,3.0,0.008368053280710774,180.56525287398733,0.3655660238547735,0.6046205618855296,0.9165748876852149,1.2352312252180941,0.07596158108719658,144.03301339878075,0.8468527189288871,180.56525287398733
