Follower_ID,Run_Index,th,dmin,lamb,Error,MSE,RMSE,MAE,MAPE,NRMSE,SSE,R-squared,Total Difference
8,1,0.7467595997262061,2.20135175823148,-0.0007950279095658812,2581.137296238788,3.277521624069737,1.8103926712373029,1.723055604965813,0.21957025419811235,0.0121269024060646,4909.7273928564655,0.9961052997043844,2581.137296238788
12,7,0.8027921691159624,2.5714348351522878,-0.00020766733113817583,138.9671722108294,0.188507955375113,0.4341750285024612,0.47919714555458415,0.2740534562560057,0.04340546353748095,54.66730705878277,0.9499053836602926,138.9671722108294
40,9,0.8072401554297256,2.8052695605522158,-0.0005903523804442999,531.3000370903246,1.226117757949496,1.1073020174954509,0.962500067192617,0.5017734010435583,0.025227592181902462,676.8170023881218,0.9820857897679047,531.3000370903246
