Follower_ID,Run_Index,th,dmin,lamb,Error,MSE,RMSE,MAE,MAPE,NRMSE,SSE,R-squared,Total Difference
5366,1,0.8826061613326878,4.60612255194941,0.23216360534118638,299.8668882533111,0.13446298752154348,0.3666919518090675,0.2810373835551182,26.440676032904655,0.04555179525578478,143.4720076854869,0.9620639885816877,299.8668882533111
195,2,2.141492424874192,4.892235682558384,0.2279389589764324,98.49559511543134,0.01850159018205921,0.1360205505872521,0.11243789396738738,4.705164721195806,0.029126456228533642,16.20739299948387,0.9879041869219082,98.49559511543134
286,3,3.068443152933901,3.464775543740802,1e-06,486.1551886647063,1.0550923168060002,1.0271768673436918,0.8920278691095529,38.951176665498366,0.19021793839697998,575.0253126592702,0.6433576794590345,486.1551886647063
