Follower_ID,Run_Index,th,dmin,lamb,Error,MSE,RMSE,MAE,MAPE,NRMSE,SSE,R-squared,Total Difference
8,1,1.3013388737698937,0.8689368562955714,0.17297110920508735,330.8871154126345,0.08277422084981961,0.28770509354166746,0.22088592484154507,0.8422884747768559,0.0556489542633786,123.99578283302978,0.9574125593333966,330.8871154126345
12,7,0.9953368950476873,1.5796925820866217,0.04508565650313932,237.39166151907614,1.243540867795413,1.1151416357554824,0.8185919362726763,3.024246780464193,0.5235406740636062,360.6268516606698,-2.686882520757767,237.39166151907614
40,9,0.7567656772385023,2.5929398760178284,0.0023266338457401115,152.52819444633354,0.1233470545836998,0.35120799333685415,0.2763191928375608,1.352734929172174,0.07488443354730363,68.08757413020228,0.9179642504576035,152.52819444633354
