Follower_ID,Run_Index,th,dmin,lamb,Error,MSE,RMSE,MAE,MAPE,NRMSE,SSE,R-squared,Total Difference
5366,1,0.8813553370818153,4.0467369155493715,0.2175766995011965,301.5209838054204,0.13558527118916933,0.3682190532674393,0.28258761368830404,26.492129865714,0.04574149730030302,144.66948435884368,0.9617473589513754,301.5209838054204
195,2,2.149893273806144,4.71586898805408,0.24324451178119882,99.55857323175238,0.018781984553000546,0.13704738068639088,0.1136513393056534,4.796305265350923,0.029346334194087983,16.45301846842848,0.98772087306263,99.55857323175238
286,3,3.0565146428849905,2.990945562944616,1e-06,501.79160294025115,1.1007920139050569,1.0491863580437257,0.920718537505048,40.141340293693304,0.1942937700080974,599.931647578256,0.6279102671693063,501.79160294025115
