Follower_ID,Run_Index,th,dmin,lamb,Error,MSE,RMSE,MAE,MAPE,NRMSE,SSE,R-squared,Total Difference
8,1,1.2662290955864228,3.0938508247125145,0.4,3961.013401954983,7.55831959666329,2.7492398215985614,2.644201202907198,0.4970306585047921,0.028986344027289057,11322.362755801609,0.9774373709835948,3961.013401954983
12,7,2.957673739548829,4.4388534041934635,0.1,2349.800686489257,76.04686835887499,8.720485557517712,8.102760987893989,2.975058721368747,0.4290608599999117,22053.59182407375,-3.826831919821813,2349.800686489257
40,9,1.0,3.2171436770556414,0.1081273052332689,5058.846021865809,85.64554926344114,9.254488060581263,9.164576126568496,1.4894573807841323,0.05637281977079812,47276.34319341951,0.9198322047726841,5058.846021865809
