Follower_ID,Run_Index,th,dmin,lamb,Error,MSE,RMSE,MAE,MAPE,NRMSE,SSE,R-squared,Total Difference
694,1,2.379176275326207,5.768509076469105,0.1,3076.767044673155,48.51754042945729,6.965453354194348,5.553731127568872,8.887571157725596,0.06392732848486947,26878.717397919343,0.9035468483532204,3076.767044673155
1416,1,1.7332031578481477,5.286118820410139,0.1,310.3446661798424,1.3403893978807786,1.1577518723287725,1.2122838522650095,3.885804649266599,0.07074127307352579,343.1396858574793,0.8842876143483758,310.3446661798424
1779,1,1.1013490601211828,6.0,0.20851428705142333,915.509291687551,9.45442714273317,3.074805220291713,3.269676041741253,5.935639234445874,0.0388020619957568,2647.2395999652877,0.9822775867282996,915.509291687551
2342,1,3.581545304082188,4.1009112513393084,0.1,519.685534212807,5.538427929120532,2.353386481035474,2.6379976355980053,5.864114223259583,0.39032891364471,1091.0703020367448,-3.2118297396127824,519.685534212807
