Follower_ID,Run_Index,lamb,Error,MSE,RMSE,MAE,MAPE,NRMSE,SSE,R-squared,Total Difference
694,1,-0.8778873205345367,6021.267953094475,173.75634347862947,13.18166694612747,10.868714716777031,13.520216279199722,0.1310629550382448,96261.01428716072,0.5857375128719402,6021.267953094475
1416,1,-1.2878992409070662,3999.057367694002,265.8231600472959,16.30408415236182,15.621317842554696,32.99386945647262,0.7949454057718488,68050.72897210775,-13.045665553679086,3999.057367694002
1779,1,-0.859693797458233,18053.121140954456,3741.130574681273,61.16478214365905,64.47543264626592,152.9199539719776,1.164415711377301,1047516.5609107565,-16.590726481961635,18053.121140954456
2342,1,-1.1183786808903606,7943.400384918754,1440.6669428708833,37.956118648656414,40.32182936506982,70.22268451603405,4.901068102071979,283811.387745564,-653.9742006374644,7943.400384918754
