Follower_ID,Run_Index,th,dmin,lamb,Error,MSE,RMSE,MAE,MAPE,NRMSE,SSE,R-squared,Total Difference
5366,1,0.9000003110130526,4.315021614508489,0.22254872236377252,244.55796981957397,0.11883110757453597,0.3447188819524338,0.28207378295221913,31.129182114644177,0.04282222136055078,103.02657026712268,0.9698047739449922,244.55796981957397
195,2,2.3612796834998946,4.796175978136059,0.18793114959572724,77.63525079261895,0.01839938556573986,0.13564433480886645,0.11484504555121146,5.031197669400327,0.029045896104682323,12.437984642440144,0.9897372499395893,77.63525079261895
286,3,1.1036454566787728,3.128327489860487,0.07334573431489089,67.58396399241758,0.06430645886670944,0.25358718198424274,0.19589554780410892,4.508003894437115,0.09154771912788548,22.185728309014756,0.9090620167625513,67.58396399241758
