Follower_ID,Run_Index,th,dmin,lamb,Error,MSE,RMSE,MAE,MAPE,NRMSE,SSE,R-squared,Total Difference
8,1,2.5232785046665103,2.2708554383433506,1e-06,315.28212806623657,0.06810547724317097,0.2609702612237091,0.2104687103245905,0.7975149364352359,0.05047780681309652,102.02200491027011,0.9649596463562415,315.28212806623657
12,7,0.8420116438220372,2.7143708031448943,0.045220797919817965,235.97888353689152,1.2337672737335055,1.1107507703051596,0.8137202880582466,3.003980171057897,0.5214792348850508,357.7925093827166,-2.6579055132101894,235.97888353689152
40,9,0.7568368317061542,3.8424781796215677,0.002165669099217651,152.43761137415794,0.12333559623133693,0.35119168018524716,0.2761550930691267,1.3518533500057426,0.0748809552633789,68.08124911969799,0.9179718711869982,152.43761137415794
