Follower_ID,Run_Index,th,dmin,lamb,Error,MSE,RMSE,MAE,MAPE,NRMSE,SSE,R-squared,Total Difference
5366,1,1.3080277177115065,1.9422044256708804,0.3736638555485745,4014.912719540767,10.250117264307816,3.2015804322721326,3.762804798070072,7864961.4054685645,0.10997141964117954,10936.87512101644,0.5714734718324068,4014.912719540767
195,2,0.8266136621945558,2.5407272989107654,0.41873537428872204,2383.509905066464,5.110976959415451,2.2607469914644254,2.720901718112402,20.42265570594005,0.138315363953984,4477.215816447935,0.5135180964817092,2383.509905066464
286,3,1.17144817306786,1.8412391752184023,0.4016243467708689,1571.6767810992367,6.976437735277876,2.641294708145586,2.8838106075215353,20.717140721028596,0.14571543155271127,3802.1585657264422,0.5611438609653036,1571.6767810992367
