Follower_ID,Run_Index,th,dmin,lamb,Error,MSE,RMSE,MAE,MAPE,NRMSE,SSE,R-squared,Total Difference
5366,1,1.3298393552164225,3.7048866755881398,0.3064520809768957,4524.853861564017,12.117850302256802,3.4810702811429706,4.240725268569838,9431459.700150918,0.10989678514551052,12929.746272508008,0.5770588374934067,4524.853861564017
195,2,1.486365304454035,3.163553022733431,0.2873788223478065,2756.2455950504273,6.289686230865691,2.507924686043361,3.1463990811077935,20.896304924178793,0.1385605174966456,5509.765138238345,0.5184517725048852,2756.2455950504273
286,3,2.13525994829189,2.6351709978091273,0.23579602118105525,1783.3429692920458,7.826502645314434,2.797588719828995,3.272188934480818,21.135510474771237,0.14802907183157002,4265.443941696367,0.5536363817257766,1783.3429692920458
