Follower_ID,Run_Index,th,dmin,lamb,Error,MSE,RMSE,MAE,MAPE,NRMSE,SSE,R-squared,Total Difference
5366,1,0.8814272205052256,4.778053067290915,0.23435416377006768,299.5343454053052,0.1342058220729298,0.36634112801176144,0.2807257220293395,26.428919347682207,0.045508214659846134,143.1976121518161,0.9621365426099362,299.5343454053052
195,2,2.07920639388583,4.9636258262853215,0.24496579555840697,97.59160016454416,0.01843532524930392,0.13577674782268104,0.11140593626089516,4.631542498961729,0.029074250069096582,16.149344918390234,0.9879475090489445,97.59160016454416
286,3,3.013847273266892,3.1142324832521138,1e-06,500.48681235900386,1.1018478161829943,1.0496893903355384,0.9183244263467961,38.42719885218583,0.19438692413621084,600.5070598197319,0.6275533848676933,500.48681235900386
