Follower_ID,Run_Index,th,dmin,lamb,Error,MSE,RMSE,MAE,MAPE,NRMSE,SSE,R-squared,Total Difference
2,1,1.9953768187055405,2.6094060146291076,1e-06,295.19837031076383,0.3403437330889265,0.583389863718017,0.4784414429672023,5.02581159684963,0.07384681819215407,209.99208331586766,0.9358016044906695,295.19837031076383
