Follower_ID,Run_Index,th,dmin,lamb,Error,MSE,RMSE,MAE,MAPE,NRMSE,SSE,R-squared,Total Difference
5,1,1.6568241291088421,5.018237776891293,0.2540722810681861,48.3066748802012,0.06668131614248882,0.2582272567768337,0.19478497935565,19.978497235730526,0.017215150451788914,16.536966403337228,0.9976177516678189,48.3066748802012
