Follower_ID,Run_Index,th,dmin,lamb,Error,MSE,RMSE,MAE,MAPE,NRMSE,SSE,R-squared,Total Difference
31,1,2.1058808388075563,1.1825048552381539,0.057708764783875745,231.8241539363883,0.4246744467099481,0.6516705047107381,0.46927966383884273,6.830330215575466,0.06516705047107381,209.78917667471435,0.9563649030008039,231.8241539363883
