Follower_ID,Run_Index,th,dmin,lamb,Error,MSE,RMSE,MAE,MAPE,NRMSE,SSE,R-squared,Total Difference
2,1,0.7357878552662409,2.993402744653041,0.05607429715263845,3.0263997608079416,0.008570041031836065,0.09257451610371002,0.07205713716209385,5.211829161876732,0.018010606245857978,0.3599417233371147,0.9952114457689809,3.0263997608079416
