Follower_ID,Run_Index,th,dmin,lamb,Error,MSE,RMSE,MAE,MAPE,NRMSE,SSE,R-squared,Total Difference
2,1,1.9821834775002263,2.963352906276353,1e-06,295.25329840016536,0.34035872173106724,0.5834027097392223,0.4785304674232826,5.018907590036252,0.07384844427078763,210.0013313080685,0.935798777211414,295.25329840016536
