Follower_ID,Run_Index,th,dmin,lamb,Error,MSE,RMSE,MAE,MAPE,NRMSE,SSE,R-squared,Total Difference
31,1,2.090529134211609,1.1510045126140867,0.05862147671128336,231.48336074749005,0.42468773277430516,0.6516806984822437,0.46858979908398796,6.843554545557396,0.06516806984822437,209.79573999050675,0.9563635378640234,231.48336074749005
