Follower_ID,Run_Index,th,dmin,lamb,Error,MSE,RMSE,MAE,MAPE,NRMSE,SSE,R-squared,Total Difference
10,1,1.3334449580432424,3.213827550957599,7.513151067733998e-05,702.2407601269449,0.3281770186418109,0.572867365663127,0.3143423277202081,47.27948385494759,0.07847498159768863,733.1474596458056,0.9319680211216325,702.2407601269449
