Follower_ID,Run_Index,th,dmin,lamb,Error,MSE,RMSE,MAE,MAPE,NRMSE,SSE,R-squared,Total Difference
13,1,1.021707403938269,2.396280510550972,0.01838188716847487,137.0200545131358,0.13607274349192566,0.3688803918506996,0.23145279478570235,16.36176196659058,0.021686090055890627,80.55506414722,0.9952350951066621,137.0200545131358
