Follower_ID,Run_Index,th,dmin,lamb,Error,MSE,RMSE,MAE,MAPE,NRMSE,SSE,R-squared,Total Difference
13,1,1.0186337920312936,2.3193625161511466,0.02030395601614381,137.04847942453773,0.13603335070210348,0.36882699291416227,0.23150080983874616,16.706072856250255,0.021682950788604483,80.53174361564527,0.9952364745371944,137.04847942453773
