Follower_ID,Run_Index,th,dmin,lamb,Error,MSE,RMSE,MAE,MAPE,NRMSE,SSE,R-squared,Total Difference
31,1,2.0861003281222255,1.3826201760743626,0.05947585018137436,231.5858377214367,0.42577036580710476,0.6525108166207705,0.46879724235108644,6.847293267547501,0.06525108166207705,210.33056070870975,0.9562522978358872,231.5858377214367
