Follower_ID,Run_Index,th,dmin,lamb,Error,MSE,RMSE,MAE,MAPE,NRMSE,SSE,R-squared,Total Difference
2,1,0.6804698210337592,3.0142152992375904,0.060400098359464485,2.7597198533669802,0.006509660340564098,0.08068246612842284,0.06570761555635667,5.442465224925313,0.01569697784599666,0.27340573430369214,0.9963626940115563,2.7597198533669802
