Follower_ID,Run_Index,th,dmin,lamb,Error,MSE,RMSE,MAE,MAPE,NRMSE,SSE,R-squared,Total Difference
2,1,1.006774158745205,2.9356999043507956,0.07060755427168157,4.6800842992058245,0.021404922892580457,0.14630421351615427,0.11143057855251963,8.915434133433186,0.033326700117575,0.8990067614883792,0.9853406216392695,4.6800842992058245
3568,1,4.576173390951251,3.2716145748521175,1e-06,481.7950649013308,76.94720043754064,8.771955337183417,2.2619486615085953,40.9128501792882,0.08024108431378904,16389.75369319616,-0.011404831115409575,481.7950649013308
4000,1,4.5433401012633325,2.470326322990641,0.07288064327977059,6.471257562498405,0.025232879648503997,0.15884860606408857,0.14380572361107566,83.62038697492257,0.2090113237685376,1.13547958418268,0.45506512686612044,6.471257562498405
4008,1,2.318403731266582,1.788847507092185,1.655676745254496,0.32961707512357463,0.03000012746687483,0.17320544872166935,0.10987235837452487,34.69404365797848,0.32680273343711197,0.09000038240062448,0.4325322673352807,0.32961707512357463
