Follower_ID,Run_Index,th,dmin,lamb,Error,MSE,RMSE,MAE,MAPE,NRMSE,SSE,R-squared,Total Difference
13,1,1.0150917553717904,2.5430156940621305,0.0215625480419925,137.2475638016752,0.13602751557527135,0.3688190824445928,0.23183710101634325,16.734142057517463,0.021682485740422856,80.52828922056064,0.9952366788677877,137.2475638016752
