Follower_ID,Run_Index,th,dmin,lamb,Error,MSE,RMSE,MAE,MAPE,NRMSE,SSE,R-squared,Total Difference
2,1,0.72096654106612,2.495723771488863,0.05315497117613808,2.849208910449945,0.008005823851776759,0.08947526949820693,0.06783830739166537,5.153538811740004,0.0174076399801959,0.3362446017746239,0.9955267050022506,2.849208910449945
