Follower_ID,Run_Index,th,dmin,lamb,Error,MSE,RMSE,MAE,MAPE,NRMSE,SSE,R-squared,Total Difference
2,1,0.7071589790391168,2.6859185419633236,0.055193396396069544,2.7411183779633186,0.007332318719322394,0.08562895958332317,0.06526472328484093,5.024762743566553,0.01665933065823408,0.30795738621154056,0.9959030294375301,2.7411183779633186
