Follower_ID,Run_Index,th,dmin,lamb,Error,MSE,RMSE,MAE,MAPE,NRMSE,SSE,R-squared,Total Difference
2,1,1.9981270296193723,2.4498074659131093,1e-06,295.38896837258756,0.34032382001914385,0.5833727967767642,0.478750353926398,5.02685754958999,0.07384465781984358,209.97979695181175,0.9358053606554095,295.38896837258756
