Follower_ID,Run_Index,th,dmin,lamb,Error,MSE,RMSE,MAE,MAPE,NRMSE,SSE,R-squared,Total Difference
2,1,0.6917876882967654,3.0249731161980358,0.05759504856110118,2.68639308925962,0.007076866396647674,0.08412411305117977,0.06396174022046715,5.038100133778508,0.016366558959373494,0.2972283886592023,0.9960457647285309,2.68639308925962
