Follower_ID,Run_Index,rho,lamb,vf,Error,MSE,RMSE,MAE,MAPE,NRMSE,SSE,R-squared,Total Difference
8,1,0.24360700232917423,0.0030265829977497993,33.27223460683471,335.792512068346,0.0848584018297452,0.2913046546654296,0.22416055545283445,0.8452932137111303,0.05634519432600184,127.11788594095832,0.9563402455996065,335.792512068346
12,7,1.318417819027635,0.07828719676313767,27.178968769947392,147.8089023276965,0.35892308657535327,0.599101899993109,0.5096858700955051,1.9090348399235242,0.28126849764934664,104.08769510685245,-0.06414456369021138,147.8089023276965
40,9,0.3198027073657538,1e-06,33.14623748061509,156.8826467743067,0.1327480137645823,0.364346008300602,0.28420769343171504,1.3909183975108053,0.07768571605556543,73.27690359804944,0.9117118536296124,156.8826467743067
