Follower_ID,Run_Index,rho,lamb,vf,Error,MSE,RMSE,MAE,MAPE,NRMSE,SSE,R-squared,Total Difference
8,1,0.3,0.001,32.0,6886.285322469825,16.029474273078307,4.003682588952115,4.596986196575317,0.9894019075871447,0.0396491546369478,48024.30492214261,0.9582977718262089,6886.285322469825
12,7,0.3,0.001,31.26855667934398,543.6291796745028,1.838216494375146,1.355808428346404,1.8745833781879406,0.7743628799620361,0.10724939710449193,1066.1655667375846,0.6974312967679704,543.6291796745028
40,9,0.3,0.001,32.0,666.0085063740343,1.0226378983182216,1.0112556048389654,1.206537149228323,0.6562874770684906,0.027090001992293028,1128.9922397433165,0.9795117681145303,666.0085063740343
