Follower_ID,Run_Index,rho,lamb,Error,MSE,RMSE,MAE,MAPE,NRMSE,SSE,R-squared,Total Difference
8,1,0.14794657539267647,0.0023010512526855653,13270.138546196096,144.4950325326476,12.020608658992588,8.85857045807483,1.0898732017904424,0.061838119404013986,216453.5587339061,0.8998846112922056,13270.138546196096
12,7,0.15,0.0008314418405061808,617.7222408012216,4.791038618038367,2.188844128310275,2.1300766924180055,0.8569847347787181,0.11927100096389678,1389.4011992311264,0.6260356764167614,617.7222408012216
40,9,0.15,0.005257587827109125,2230.435126003483,18.94333520793486,4.3523941926179965,4.040643344209209,0.9988501377428423,0.04525621362225131,10456.721034780045,0.9450397821247429,2230.435126003483
