Follower_ID,Run_Index,rho,lamb,vf,Error,MSE,RMSE,MAE,MAPE,NRMSE,SSE,R-squared,Total Difference
8,1,0.9999692105765295,0.002203223213554588,30.14813839196955,5110.894636981117,21.99951909397031,4.690364494788258,3.4118121742197047,0.7389092546244962,0.030368875879082498,32955.27960276753,0.9756072287609372,5110.894636981117
12,7,-0.30569836410921547,-1.0020119857528473,26.613878962280374,713.696635138468,6.161122643174681,2.482160881807358,2.4610228797878206,1.078433055962509,0.14315969948903726,1786.7255665206574,0.4605040650461854,713.696635138468
40,9,1.165925348370985,-0.0002758876395009893,30.329939219510226,167.5107100060058,0.14660041161798584,0.38288433190453985,0.30346143117030033,0.22972015107011812,0.010987886133275096,80.92342721312818,0.9965728910333975,167.5107100060058
