Follower_ID,Run_Index,rho,lamb,vf,Error,MSE,RMSE,MAE,MAPE,NRMSE,SSE,R-squared,Total Difference
5366,1,0.09578478975604732,0.31550176409738906,24.408063983171076,313.96728362172064,0.1453864117335664,0.38129570117372996,0.294252374528323,27.570912613805266,0.04736592561164347,155.12730131971534,0.9589821654475112,313.96728362172064
195,2,0.08844454794295564,0.5394340746958649,23.48992213526336,192.5529734999849,0.0755773013614871,0.2749132615234978,0.2198093304794348,9.105947274907876,0.0588679360864021,66.2057159926627,0.9505897114129346,192.5529734999849
286,3,0.12006929054282628,1e-06,25.06635184619046,747.1121871464263,2.7787152587042865,1.6669478872191195,1.3708480498099564,51.07781470239691,0.30869405318872584,1514.3998159938362,0.060738627130859424,747.1121871464263
