Follower_ID,Run_Index,rho,lamb,Error,MSE,RMSE,MAE,MAPE,NRMSE,SSE,R-squared,Total Difference
5366,1,0.15,0.0036532647078284797,912.465675888068,0.8873305377906164,0.9419822385749195,0.8551693307292109,1387467.1833181228,0.010208607028791075,946.7816838225876,0.996907299699363,912.465675888068
195,2,0.15,0.0009408568037304332,314.7845713262091,0.12448175896769849,0.3528197258766841,0.3593431179522935,1.304127330018601,0.008805457880201033,109.04602085570387,0.99810780310294,314.7845713262091
286,3,0.15,0.0010385183798365116,209.79138844519645,0.15528926235315194,0.3940675860219309,0.3849383274223788,1.0674747428064497,0.007981057031830618,84.63264798246782,0.9990134108922504,209.79138844519645
