Follower_ID,Run_Index,Tmax,Alpha,Beta,Wc,Gamma1,Gamma2,Wm,Error,MSE,RMSE,MAE,MAPE,NRMSE,SSE,R-squared,Total Difference
694,1,7.8263534230103335,0.5839776126142358,5.777466299082241,128695.29866121907,1.058534878666055,0.8193376742610436,3.178679907242344,847052.0059999969,3834333.4215983157,1958.1454035894055,1528.9747400721967,856.8549885274368,6.578807853300795,2124220715.565467,-685.4222436447426,847052.0059999969
1416,1,5.179222073287026,0.0839966022942374,5.71557172944583,70035.64104396735,0.8669854703677591,1.1351452547698637,4.471205095902189,84793.78999999962,161949.872351483,402.42995956002454,331.2257421874985,480.08140269869347,7.2053607250101175,41459167.32197965,-866.0282300692899,84793.78999999962
1779,1,7.7872437525931435,0.03156023513315487,2.7220290212290186,126572.81833480114,1.7722413068780434,0.7059055132769596,3.0074449709778506,122872.79199999961,271763.16782549844,521.3090904880697,438.83139999999867,419.36730084312575,2.515023106175532,76093686.99113956,-54.96678453401897,122872.79199999961
2342,1,6.309113620100407,0.18718633572805163,3.423688816468939,81549.48183896433,1.8036317029399858,0.6439006470134352,3.244216011076567,41845.063999999766,63183.913061654224,251.36410456080284,212.4114923857856,224.5029260954579,13.190039874624551,12447230.87314588,-4354.846653197169,41845.063999999766
