Follower_ID,Run_Index,rho,lamb,vf,Error,MSE,RMSE,MAE,MAPE,NRMSE,SSE,R-squared,Total Difference
5366,1,0.10048940070495192,0.29764266420689867,23.57894313215455,256.0113791238217,0.12619249100932664,0.3552358245015931,0.2952841743065994,32.44718125567533,0.04412867385112957,109.4088897050862,0.9679342314462474,256.0113791238217
195,2,0.0898279448698317,0.5512575322399158,23.62243598207171,160.63101062106443,0.08564540109621539,0.29265235535736833,0.23761983819684088,10.029596515164632,0.0626664572499718,57.89629114104161,0.9522289838357035,160.63101062106443
286,3,0.13332423793732007,0.06249754297482987,25.03922991991135,70.09765648782957,0.07198981734373024,0.26830918236938933,0.20318161300820164,4.533990007647847,0.09686252071097089,24.83648698358693,0.898196714323198,70.09765648782957
