Follower_ID,Run_Index,rho,lamb,vf,Error,MSE,RMSE,MAE,MAPE,NRMSE,SSE,R-squared,Total Difference
5366,1,0.10107901094139482,0.3125928501057504,23.60853493353791,256.280832108961,0.12620902452184563,0.3552590949178439,0.2955949620633922,32.48013990547399,0.04413156458606756,109.42322426044015,0.9679300302470986,256.280832108961
195,2,0.08967148256712475,0.5762400773545102,23.917247900122593,161.42670924409094,0.08658436492631265,0.2942522131205008,0.238796907165815,10.073926305561788,0.06300903921209867,58.53103069018735,0.9517052516127104,161.42670924409094
286,3,0.12349784406378855,0.06387925469172487,23.949307152564543,70.3786228492123,0.0706697728438866,0.26583786946913074,0.20399600825858638,4.5048427632266606,0.09597034998885588,24.381071631140877,0.9000634348162092,70.3786228492123
