Follower_ID,Run_Index,rho,lamb,Error,MSE,RMSE,MAE,MAPE,NRMSE,SSE,R-squared,Total Difference
5366,1,0.3781523781111453,0.9959559411254996,3692.170462516966,9.544393467707641,3.089400179275524,3.460328455967166,2444589.555413008,0.11115079607404284,10183.867830044053,0.5587488299199322,3692.170462516966
195,2,0.616250941295344,1.1935225052846223,2099.2833311183354,4.562293565628953,2.135952613151554,2.3964421588108853,19.747006982638386,0.13909500447837003,3996.569163490963,0.502523148412293,2099.2833311183354
286,3,0.2801458983257096,0.6898437028058979,1839.2724646217866,8.459056204927272,2.9084456682096147,3.3748118616913514,20.658784286925417,0.14864131754934992,4610.185631685363,0.5539215427725752,1839.2724646217866
