Follower_ID,Run_Index,rho,lamb,Error,MSE,RMSE,MAE,MAPE,NRMSE,SSE,R-squared,Total Difference
8,1,1.2184794823475598,-0.0006262696651455832,1774.9634885511766,1.5789058683600476,1.2565452114269695,1.1848888441596641,0.22543303088689057,0.013639889287120519,2365.2009908033515,0.9950004984481731,1774.9634885511766
12,7,1.2664407882040862,-0.0026160674952855067,150.63784698818677,0.23188112036574912,0.4815403621356668,0.5194408516834027,0.30555141804410946,0.05121054038783091,67.24552490606725,0.9302095972167399,150.63784698818677
40,9,1.4002254317797234,-0.002540465599250974,110.8259679890767,0.04190834709405465,0.20471528300069503,0.2007716811396317,0.12690704869203753,0.007087057099445524,23.133407595918168,0.9985662404775826,110.8259679890767
