Follower_ID,Run_Index,rho,lamb,Error,MSE,RMSE,MAE,MAPE,NRMSE,SSE,R-squared,Total Difference
694,1,0.9455926434080341,0.00592585949620289,198.25379748915404,0.1628055482386531,0.4034916953775543,0.35785884023313,0.9045506020069545,0.006631606139767717,90.19427372421382,0.998820990407703,198.25379748915404
1416,1,0.7220702854568265,0.012978932355506664,38.91073781820245,0.02168993013688783,0.14727501531790052,0.15199506960235332,0.4573259745229013,0.006451562895412264,5.552622115043285,0.9990943563943615,38.91073781820245
1779,1,1.480149489732201,0.015389093534027731,125.15230945834892,0.20606832033375488,0.4539474863172555,0.44697253377981755,1.0879326569501766,0.0067121444283296736,57.69912969345137,0.9994478368013222,125.15230945834892
2342,1,0.7426650824573682,0.001865778790233752,17.281125050159133,0.007846044461189647,0.0885779005237178,0.08772144695512249,0.17781490400907926,0.011236005359370353,1.5456707588543606,0.9965613052020339,17.281125050159133
