Follower_ID,Run_Index,lamb,Error,MSE,RMSE,MAE,MAPE,NRMSE,SSE,R-squared,Total Difference
5366,1,0.4628239319074615,9406.047935462935,58.613948116989555,7.655974667995549,8.815415122270792,inf,0.118241645258306,62541.08264082785,0.5547729373952959,9406.047935462935
195,2,9.12806619039471,7739.411871639481,69.09748504994747,8.3124897022461,8.834945058949181,19.987270890338376,0.15762434650917448,60529.39690375398,0.4685111374813987,7739.411871639481
286,3,7.988204131602922,12488.908064049516,928.4810382327705,30.47098682735383,22.915427640457825,44.95352438070172,0.264914452983526,506022.16583685996,0.13183661901778132,12488.908064049516
