Follower_ID,Run_Index,rho,lamb,Error,MSE,RMSE,MAE,MAPE,NRMSE,SSE,R-squared,Total Difference
694,1,0.15,0.00628601308787087,675.0300764986873,2.168012927768429,1.4724173755319614,1.2184658420553922,1.860579662342431,0.017285755470572404,1201.0791619837096,0.992498300260906,675.0300764986873
1416,1,0.15,0.008847016896363288,112.40372776324023,0.20514575753502567,0.45293019057579464,0.43907706157515713,0.903813829467043,0.01314646441372397,52.51731392896657,0.9966009250419601,112.40372776324023
1779,1,0.18981154905217992,0.012244662489775265,464.52869421652855,3.1693692760279872,1.7802722477272928,1.6590310507733164,1.4400733233032883,0.01623664096810545,887.4233972878363,0.9971787007075447,464.52869421652855
2342,1,0.15,0.0026362491799265947,51.984744904489624,0.0639271335699746,0.2528381568710993,0.2638819538298966,0.37307271389539426,0.022584711765405836,12.593645313284998,0.9864558263757018,51.984744904489624
