Follower_ID,Run_Index,rho,lamb,Error,MSE,RMSE,MAE,MAPE,NRMSE,SSE,R-squared,Total Difference
694,1,0.06519462177415275,0.1,2782.435068271623,101.78504880880524,10.088857656286228,5.022445971609428,7.586200826753961,0.08960108888268951,56388.9170400781,0.8122707844694724,2782.435068271623
1416,1,0.11434195800732856,0.1,461.5799912122326,4.679844504649907,2.163294826104363,1.8030468406727835,5.949062842623489,0.11965317419105811,1198.0401931903762,0.6744192724902178,461.5799912122326
1779,1,0.12815031356173298,0.13808772951861958,1425.3564351448717,25.693980025185997,5.06892296500805,5.090558696945971,7.980737265253064,0.059969351353323666,7194.314407052079,0.9584058881084074,1425.3564351448717
2342,1,0.04596275611463636,0.1,629.2598925791043,9.797833582288817,3.130149130998205,3.194212652685809,7.941532750870199,0.6027087339135152,1930.173215710897,-9.112878124447226,629.2598925791043
