Follower_ID,Run_Index,rho,lamb,vf,Error,MSE,RMSE,MAE,MAPE,NRMSE,SSE,R-squared,Total Difference
5366,1,0.09830182582990717,0.3144313098493777,23.891829788767588,312.6663332663617,0.14368387032182417,0.3790565529334959,0.293033114588905,27.559746220715574,0.047087770550744826,153.3106896333864,0.9594625030603109,312.6663332663617
195,2,0.08747969041227778,0.5930772238657342,23.876427153078048,194.17071300089844,0.0769654334478394,0.27742644691492446,0.22165606506951877,9.155237371455408,0.059406091416472045,67.42171970030732,0.9496821901631936,194.17071300089844
286,3,0.09612502613685699,1e-06,24.671885808494174,576.4325547675243,1.3415932580161052,1.158271668485466,1.0576744124174757,47.08584759707422,0.21449475342323446,731.1683256187773,0.5465146270712973,576.4325547675243
