Follower_ID,Run_Index,rho,lamb,vf,Error,MSE,RMSE,MAE,MAPE,NRMSE,SSE,R-squared,Total Difference
8,1,0.11332969049526669,0.1904555235819282,36.24463691248006,312.28697844499254,0.07583137882078592,0.27537497856701854,0.2084692780006626,0.7819668083950367,0.053264019065187324,113.5954054735373,0.9609846602838307,312.28697844499254
12,7,0.2579079167814102,0.09035160439123893,26.65191653007913,126.98869542054474,0.2812872729460462,0.5303652259962433,0.4378920531742922,1.6505330758598324,0.24899775868368199,81.57330915435341,0.16603212906468312,126.98869542054474
40,9,0.192888952897603,0.09852982920330353,36.237021507884016,156.48472120565856,0.12797895522923872,0.3577414642297405,0.28348681377836693,1.3864601631064062,0.07627749770356938,70.64438328653978,0.9148836625785889,156.48472120565856
