Follower_ID,Run_Index,rho,lamb,Error,MSE,RMSE,MAE,MAPE,NRMSE,SSE,R-squared,Total Difference
8,1,0.15083458876173342,0.3910667442504707,7738.423262938508,50.50529974545523,7.106708080782215,5.165836624124505,0.663628726462044,0.04314760274671794,75656.93901869193,0.9508885784262441,7738.423262938508
12,7,0.06242499832643887,0.1,1577.5613684691998,37.007221095303194,6.083356071717584,5.439866787824828,2.005944137142955,0.3008292490343398,10732.094117637927,-1.3731405732298132,1577.5613684691998
40,9,0.2135576625245313,0.1774337774302732,698.8699035371112,1.9999827147122737,1.4142074510878075,1.2660686658281,0.7650456078259931,0.04105689251909238,1103.9904585211752,0.9521331318438377,698.8699035371112
