Follower_ID,Run_Index,rho,lamb,Error,MSE,RMSE,MAE,MAPE,NRMSE,SSE,R-squared,Total Difference
694,1,0.06529174660414233,0.1,2478.6015466066765,76.00923010666864,8.71832725393287,4.474010011925409,6.85572839667086,0.07543198253345923,42109.11347909443,0.8679552354750071,2478.6015466066765
1416,1,0.11473707957079275,0.1,461.52912530796857,4.713086721311726,2.1709644679984343,1.8028481457342522,5.946594621979772,0.11975884582376208,1206.5502006558017,0.6739940066411554,461.52912530796857
1779,1,0.10324430651599885,0.18721077727504706,861.7876352005699,8.85854244798342,2.9763303660688307,3.0778129828591783,5.449452354006417,0.03721267486587836,2480.3918854353574,0.9837402006397526,861.7876352005699
2342,1,0.04589917629901075,0.1,629.2483502678626,9.776590668355672,3.1267540146861044,3.194154062273414,7.939371166452906,0.6023926729710183,1925.9883616660672,-9.102527971027476,629.2483502678626
