Follower_ID,Run_Index,rho,lamb,vf,Error,MSE,RMSE,MAE,MAPE,NRMSE,SSE,R-squared,Total Difference
8,1,0.25237705851754544,0.00310111935897657,33.143990985915764,336.72910019355163,0.085371072840878,0.29218328638181545,0.22478578117059522,0.8478139634703511,0.05651514243361999,127.88586711563524,0.9560764757199997,336.72910019355163
12,7,1.1597465217206373,0.058962582411144784,27.462827027865497,147.09608833178902,0.36714689834278463,0.605926479321365,0.5072278907992724,1.8994311707341358,0.2844725255029879,106.47260051940755,-0.08852673611780304,147.09608833178902
40,9,0.25071056444328943,0.0762349311523975,33.05238432819784,159.86185261875903,0.1328409223574919,0.3644734864945486,0.2896048054687664,1.4152804682674656,0.07771289690715319,73.32818914133553,0.911650061914488,159.86185261875903
