Follower_ID,Run_Index,rho,lamb,Error,MSE,RMSE,MAE,MAPE,NRMSE,SSE,R-squared,Total Difference
8,1,0.15051647169345791,0.1,7736.801077786344,50.79250621012722,7.126886151056941,5.164753723488881,0.6653733775833699,0.043211406946877945,76087.17430277058,0.9507460305769535,7736.801077786344
12,7,0.062408840940949395,0.1,1577.5611761560767,37.037190796066035,6.085818827082025,5.4398661246761275,2.0059649053068065,0.3008727354402683,10740.78533085915,-1.373810193337977,1577.5611761560767
40,9,0.2135772503655589,0.19151891314096878,695.4867231005385,1.9970057083600332,1.4131545238791239,1.259939715761845,0.7593799889385918,0.04095566137314139,1102.3471510147383,0.9523715395029404,695.4867231005385
