Follower_ID,Run_Index,rho,lamb,vf,Error,MSE,RMSE,MAE,MAPE,NRMSE,SSE,R-squared,Total Difference
8,1,0.2107136759646707,0.0016512847334793496,33.120832379613326,335.6206865411673,0.09002083965634261,0.300034730750196,0.22404585216366307,0.8392542159384261,0.058033797050328025,134.85121780520123,0.9536841648491258,335.6206865411673
12,7,0.1820161896529493,0.47737669438282115,28.007200069698637,218.1814989798254,0.8029875871124094,0.8960957466210904,0.7523499964821565,2.7998557690744192,0.4207022284606053,232.86640026259872,-1.3807186204975297,218.1814989798254
40,9,0.24585077278362968,0.07786073295969573,33.12524123919116,159.61875130298523,0.13262745141113674,0.3641805203619995,0.2891644045343935,1.4128386326978455,0.0776504307808101,73.21035317894749,0.9117920373280791,159.61875130298523
