Follower_ID,Run_Index,rho,lamb,Error,MSE,RMSE,MAE,MAPE,NRMSE,SSE,R-squared,Total Difference
694,1,0.0656184945127252,0.1024282448386366,2484.9935704652285,76.72138405123656,8.759074383246015,4.485547961128571,6.862147660243876,0.07557884690967107,42503.646764385056,0.8675464214034212,2484.9935704652285
1416,1,0.11476308352249855,0.1,461.52886868716746,4.715325435635286,2.171480010415773,1.802847143309248,5.9464581606164675,0.11976594996600631,1207.1233115226332,0.6739653997218418,461.52886868716746
1779,1,0.10344740268466063,0.18680988232059004,861.8011768699556,8.842527284470124,2.9736387279678285,3.077861345964127,5.455214401893594,0.03720298602587669,2475.9076396516343,0.9837458511840171,861.8011768699556
2342,1,0.04589090876202101,0.1,629.2468804067196,9.773900804394946,3.1263238482913036,3.1941466010493373,7.939089991857827,0.6023516340484,1925.4584584658046,-9.10118290589486,629.2468804067196
