Follower_ID,Run_Index,rho,lamb,vf,Error,MSE,RMSE,MAE,MAPE,NRMSE,SSE,R-squared,Total Difference
8,1,0.1131220611610203,0.2572328285108291,36.02748145543075,289.4735388732373,0.08545019835504364,0.2923186589238594,0.2230150530610457,0.8383637281296359,0.05654132667772907,110.91435746484665,0.9525315821817617,289.4735388732373
12,7,0.028478692421204377,0.4133302369805655,26.738206176219293,20.90227838522446,0.07150187658125834,0.26739834812739277,0.23224753761360512,0.8709153988220839,0.20105138956946797,6.43516889231325,0.695257303999424,20.90227838522446
40,9,0.20036656746464349,0.08824110157210821,35.055045611524534,106.32442386451505,0.14239063839377716,0.3773468409749539,0.30205802234237233,1.4291955420771614,0.08941868269548665,50.12150471460956,0.9108928417029466,106.32442386451505
