Follower_ID,Run_Index,rho,lamb,vf,Error,MSE,RMSE,MAE,MAPE,NRMSE,SSE,R-squared,Total Difference
5366,1,0.10085560357450811,0.29866214655151013,23.709466686839797,312.6586594483042,0.14316225268030222,0.378367880085377,0.2930259226319627,27.61408564270692,0.04700222112861825,152.75412360988247,0.9596096669242821,312.6586594483042
195,2,0.0891973266057101,0.5267025317335964,23.672252495294412,193.08710899059525,0.0761897880650874,0.27602497724859504,0.22041907419017723,9.147373094020974,0.059105990845523565,66.74225434501656,0.9501892850384087,193.08710899059525
286,3,0.08275669276105538,0.20340250685439334,25.282369398281624,900.2215043211331,7.201684342097038,2.6835954132650173,1.6517825767360241,133.5958217844423,0.49696211356759584,3924.9179664428857,-1.4343134478926172,900.2215043211331
