Follower_ID,Run_Index,rho,lamb,vf,Error,MSE,RMSE,MAE,MAPE,NRMSE,SSE,R-squared,Total Difference
8,1,0.15456245573616306,0.38739386541578547,33.28503154920854,374.5601318259942,0.11531991753138625,0.33958786422866505,0.2500401414058706,0.9350235664447799,0.06568430642720792,172.7492364620166,0.9406677574838664,374.5601318259942
12,7,0.13557051628764716,0.20455834546591595,26.664188971045665,141.14241311756768,0.3085031904508012,0.5554306351388995,0.4866979762674748,1.8235785798218167,0.26076555640323884,89.46592523073235,0.08534166433347123,141.14241311756768
40,9,0.24244830174829535,0.07640581997814902,33.24044220108676,159.46407618767398,0.13237280571373253,0.3638307377252952,0.28888419599216303,1.411458035774825,0.07757585026125695,73.06978875398036,0.9119613972753012,159.46407618767398
