Follower_ID,Run_Index,rho,lamb,vf,Error,MSE,RMSE,MAE,MAPE,NRMSE,SSE,R-squared,Total Difference
5366,1,0.10077528009134332,0.3007009263708421,23.692992458607904,256.5567932323648,0.1265185778710044,0.3556945007601388,0.29591325632337345,32.48868898549564,0.044185652268340224,109.69160701416081,0.9678513721116597,256.5567932323648
195,2,0.08931724419183758,0.5556898347420841,23.46097081765673,160.39590511108076,0.0851532410406743,0.29181028261641895,0.23727204898088872,9.998621710832799,0.06248614188788414,57.563590943495825,0.952503499287412,160.39590511108076
286,3,0.1267470158582812,0.06277512963828513,23.91766544366746,70.0498465871756,0.07063465521864133,0.265771810428874,0.20304303358601622,4.499032986775946,0.09594650195988232,24.368956050431258,0.9001130958622717,70.0498465871756
