Follower_ID,Run_Index,rho,lamb,Error,MSE,RMSE,MAE,MAPE,NRMSE,SSE,R-squared,Total Difference
8,1,0.15047945914892355,0.1,7736.807556936538,50.84494363638687,7.130564047562218,5.1647580486892775,0.6654106991282421,0.04321807630493875,76165.72556730754,0.9507315736045606,7736.807556936538
12,7,0.062430511568703516,0.1,1577.564618812297,36.99703160473763,6.082518524816643,5.439877995904473,2.0059374170668955,0.30081442851563,10729.139165373914,-1.3729123643448138,1577.564618812297
40,9,0.21366902925946335,0.17511391010676403,698.8491646828837,1.997599122535775,1.4133644691075884,1.2660310954400067,0.7648647257202025,0.04104675546613191,1102.6747156397478,0.9521562260064212,698.8491646828837
