Follower_ID,Run_Index,rho,lamb,vf,Error,MSE,RMSE,MAE,MAPE,NRMSE,SSE,R-squared,Total Difference
5366,1,0.12399229608137671,0.2651334213621487,24.1648123158948,1703.531592885367,1.4227703303041739,1.192799367162883,1.5965619427229307,2.1629163094755115,0.026141889185890423,3036.191884869107,0.9783524339224919,1703.531592885367
195,2,0.08258936775684753,0.015961564496889527,26.617762852661716,1527.162720065646,2.028068356222302,1.4241026494681843,1.7433364384311028,2.9315491880876743,0.03652638010811755,3553.1757601014738,0.9693740286939759,1527.162720065646
286,3,0.10130873574330704,0.14289345283097432,24.143706056506897,7495.216373471017,298.04896079189103,17.264094554649862,13.7526905935248,24.637511720677427,0.3099246067442223,324873.3672631612,-0.29477696074111925,7495.216373471017
