Follower_ID,Run_Index,lamb,Error,MSE,RMSE,MAE,MAPE,NRMSE,SSE,R-squared,Total Difference
8,1,6.052327047402254,13909.790628082894,147.30815333375784,12.13705702935262,9.285574518079368,0.8936311803486027,0.052163001991445634,220667.61369396927,0.9294522768811767,13909.790628082894
12,7,2.4018703519183404,10672.608037519029,1460.6026236271803,38.21783122610675,36.8020966811001,5.83044427254595,0.6826166705034915,423574.7608518822,-10.662051475515455,10672.608037519029
40,9,6.458152239137168,4945.4954061634535,80.78101727954497,8.987826059706817,8.959230808267128,1.6760107533208743,0.06899304650171705,44591.12153830882,0.8761664097249252,4945.4954061634535
