Follower_ID,Run_Index,rho,lamb,vf,Error,MSE,RMSE,MAE,MAPE,NRMSE,SSE,R-squared,Total Difference
8,1,0.3030899110771752,0.0004722354012584029,32.206414856970504,344.45570479008967,0.09259207453289818,0.3042894584649593,0.22994372816427883,0.8624647365988232,0.05885676179206174,138.70292765028148,0.9523612612733388,344.45570479008967
12,7,0.24194345948608967,0.3888312807108276,27.882147334910293,199.68803682760543,0.6609008719365209,0.8129580997422443,0.6885794373365705,2.573180830514081,0.38167046936255555,191.66125286159107,-0.9594562075117947,199.68803682760543
40,9,0.2493059333897799,0.07456388814874625,33.015399402572,159.86918526362894,0.13291174688988047,0.3645706336087432,0.2896180892457046,1.4151299082878999,0.07773361057755716,73.36728428321402,0.9116029578825344,159.86918526362894
