Follower_ID,Run_Index,rho,lamb,vf,Error,MSE,RMSE,MAE,MAPE,NRMSE,SSE,R-squared,Total Difference
5366,1,0.09918043818930106,0.3104514702149392,23.787107535922264,312.4882203371696,0.14334987285864936,0.3786157324499992,0.29286618588300806,27.569905133031924,0.04703301024223592,152.95431434017888,0.9595567336869706,312.4882203371696
195,2,0.0891915408570492,0.5487629623448947,23.663453312439618,192.99829628172185,0.07613713264435525,0.27592957913995964,0.22031768981931718,9.140326112345504,0.05908556298500207,66.69612819645519,0.9502237096538313,192.99829628172185
286,3,0.0900836885870183,0.16998610134939776,25.116255154868416,896.8314918650545,7.207806130204341,2.684735765434718,1.6455623703945954,133.59604400378856,0.4971732898953182,3928.254340961366,-1.4363827347992433,896.8314918650545
