Follower_ID,Run_Index,rho,lamb,vf,Error,MSE,RMSE,MAE,MAPE,NRMSE,SSE,R-squared,Total Difference
8,1,0.27202923902568477,0.002010361628417348,32.647346449098656,338.4700023686488,0.08834427322388644,0.29722764545695685,0.22594793215530629,0.8496287582038294,0.05749084051391813,132.33972128938188,0.95454676038591,338.4700023686488
12,7,0.2737863039519245,0.6269352821959063,27.656848942091994,190.33231322266573,0.6094679267736973,0.7806842683016594,0.656318321457468,2.4485283423019903,0.36651843582237487,176.7456987643722,-0.8069664651778061,190.33231322266573
40,9,0.24102592806127307,0.07708392370005128,33.45702623633953,159.26264259598577,0.13192460011476198,0.3632142619925076,0.2885192800651916,1.4100791261958183,0.07744440554211247,72.82237926334861,0.9122594901838409,159.26264259598577
