Follower_ID,Run_Index,rho,lamb,Error,MSE,RMSE,MAE,MAPE,NRMSE,SSE,R-squared,Total Difference
694,1,0.06517973281377917,0.1,2782.427131926142,101.74551261413299,10.086898067004196,5.022431646076068,7.585979818308734,0.08959426659624983,56367.01398822967,0.8122930066776617,2782.427131926142
1416,1,0.11431489229426743,0.1,461.58057595337306,4.677558098070368,2.162766306855729,1.8030491248178635,5.9491882006272325,0.11964572650681413,1197.4548731060142,0.6744495427131082,461.58057595337306
1779,1,0.128180454482387,0.13808077303955665,1425.3563110082177,25.694342414637358,5.06895871108035,5.090558253600777,7.9810115655916825,0.059969940667239624,7194.415876098461,0.9584050385441407,1425.3563110082177
2342,1,0.04586188302790168,0.1,629.2417767793105,9.76458975926871,3.1248343570929817,3.194120694311221,7.938102669258875,0.602207664071825,1923.6241825759357,-9.096462122991758,629.2417767793105
