Follower_ID,Run_Index,rho,lamb,vf,Error,MSE,RMSE,MAE,MAPE,NRMSE,SSE,R-squared,Total Difference
5366,1,0.09873567491745786,0.3168299036796265,23.58472387329843,311.57368058997764,0.14275923436849755,0.37783493005345276,0.2920090727178797,27.513057054921163,0.046936016155708415,152.3241030711869,0.9597233703869242,311.57368058997764
195,2,0.0875018904815508,0.5726568856966345,23.642933829526662,193.37532049225769,0.07618252617730799,0.27601182253176765,0.22074808275371882,9.119845361978083,0.059103173989671874,66.7358929313218,0.9501940326539546,193.37532049225769
286,3,0.07316088683794672,0.2336442036260248,25.49459643009933,909.1216133855303,7.1983233557885775,2.6829691306067196,1.6681130520835419,133.76113158998498,0.49684613529754074,3923.0862289047745,-1.433177367250892,909.1216133855303
