Follower_ID,Run_Index,Tmax,Alpha,Beta,Wc,Gamma1,Gamma2,Wm,Error,MSE,RMSE,MAE,MAPE,NRMSE,SSE,R-squared,Total Difference
5366,1,6.099023014108951,0.05870309293946241,7.036484886995679,91872.78829936648,1.938791108233457,1.796768660077077,6.322919299509573,5723037.163513169,50296380.05046103,7091.994081389312,5363.671193545613,inf,14.8437255895557,53666237513.84193,-3386.175171662523,5723037.163513169
195,2,6.136555332303708,0.5997644804869603,4.215915896872145,127545.74359219278,1.3084850961497367,0.6207149374395244,2.5731440228701796,3293628.152000016,24275161.447139908,4926.982996433,3759.849488584493,1659.0045184114963,19.880585443975384,21265041427.69456,-4797.716061796489,3293628.152000016
286,3,6.923218820834951,0.4208336749807322,7.0502272624657305,91743.18290704442,0.9935224748134008,1.2444186220638973,2.501603192388129,834999.3119999964,3793677.4415802965,1947.736491823341,1532.1088293577916,1392.5162363137094,10.161629878531922,2067554205.6612616,-1067.152674343745,834999.3119999964
