Follower_ID,Run_Index,rho,lamb,vf,Error,MSE,RMSE,MAE,MAPE,NRMSE,SSE,R-squared,Total Difference
8,1,0.15527696432933463,0.6265701520854571,31.89492846599925,7939.887979101917,24.91699894865835,4.991692994231351,5.300325753739597,1.0474405269987983,0.04327862718162084,74651.3288501804,0.9505698065270707,7939.887979101917
12,7,0.8942335496756364,0.08033876849593707,26.997804960853202,789.0068212218683,3.7621496926121174,1.9396261734190219,2.7207131766271324,1.1213381001767528,0.15108095450254003,2182.0468217150283,0.3998042189718214,789.0068212218683
40,9,0.21716415161778388,0.14615442847602084,31.98777535356483,704.8549959532243,0.9815126096547052,0.9907131823361922,1.2769112245529426,0.915378869064054,0.0408536684367254,1083.5899210587945,0.9525991551893274,704.8549959532243
