Follower_ID,Run_Index,rho,lamb,vf,Error,MSE,RMSE,MAE,MAPE,NRMSE,SSE,R-squared,Total Difference
694,1,0.06545158216641066,0.07336539790046068,27.163069641042767,2634.392271393317,40.189766396868876,6.339539919968079,4.755220706486131,5.426154726053347,0.08020383258782922,44530.261167730714,0.8492708105523812,2634.392271393317
1416,1,0.09110100690028325,0.11922460425645127,30.87715326603431,493.8671290618913,1.8262186298017586,1.3513765684670422,1.929168472898013,4.154174765588385,0.11200303946209374,935.0239384585004,0.7119093191038155,493.8671290618913
1779,1,0.10405888375857295,0.1544963684236323,23.68180221060891,1195.0328505624218,8.41104411191065,2.9001800137078817,4.267974466294364,5.339397800330102,0.04701139238513647,4710.184702669963,0.9746649103682525,1195.0328505624218
2342,1,0.0550927116125413,0.08701719139053926,24.25208825818314,569.1827632248404,3.8526829820302537,1.9628252550928353,2.889252605202236,6.629825350471715,0.5360876071497785,1517.9570949199199,-7.001829954508181,569.1827632248404
