Follower_ID,Run_Index,rho,lamb,vf,Error,MSE,RMSE,MAE,MAPE,NRMSE,SSE,R-squared,Total Difference
5366,1,0.0958661179394402,0.31453452149742034,23.741173348940375,311.5092305569034,0.14359787480270078,0.37894310232896544,0.29194866968781946,27.443048914341194,0.04707367730794601,153.21893241448174,0.9594867649561346,311.5092305569034
195,2,0.08882477238856575,0.5521330366948989,23.86726559135664,193.79810902557745,0.07673247596874509,0.2770062742407563,0.22123071806572767,9.170677412743569,0.05931611868110413,67.2176489486207,0.949834491132707,193.79810902557745
286,3,0.10685340777725406,0.10663592745160169,26.162506495756617,890.679221762747,7.242720115609159,2.6912302234497067,1.634273801399536,133.7267355373137,0.4983759673055013,3947.2824630069917,-1.4481843606624683,890.679221762747
