Follower_ID,Run_Index,rho,lamb,vf,Error,MSE,RMSE,MAE,MAPE,NRMSE,SSE,R-squared,Total Difference
5366,1,0.10078827444924798,0.3021205649966955,23.47908255804167,255.66569827541286,0.12580125072487489,0.35468472017395236,0.29488546513888453,32.4345502358719,0.04406021368620526,109.06968437846653,0.9680336463980388,255.66569827541286
195,2,0.08923425929937441,0.5552773657379997,23.544936743214535,160.65196387060018,0.08542528940285912,0.2922760499987283,0.23765083412810678,10.013169671418924,0.06258587794405317,57.747495636332765,0.95235175702757,160.65196387060018
286,3,0.12290103531292451,0.06256043043595175,25.985941110122333,70.80265336139863,0.07216551444714459,0.26863639821726426,0.20522508220695254,4.534235988832426,0.0969806491759077,24.89710248426488,0.8979482549844825,70.80265336139863
