Follower_ID,Run_Index,rho,lamb,vf,Error,MSE,RMSE,MAE,MAPE,NRMSE,SSE,R-squared,Total Difference
8,1,0.31797831061453785,0.0027699563930464743,32.018583996101896,343.95720026054346,0.09275409546299541,0.304555570402177,0.22961094810450164,0.8632039675410066,0.0589082341203437,138.94563500356713,0.9522779013011587,343.95720026054346
12,7,0.321335843824797,0.5146377521715204,27.839325244112867,196.0764885170197,0.645764088965058,0.8035944804222201,0.6761258224724818,2.5385602227199042,0.3772744039540935,187.2715857998668,-0.9145782770768041,196.0764885170197
40,9,0.3424162283043982,1e-06,32.05404687171981,156.12801689614525,0.1348454962885177,0.3672131483056097,0.28284061031910374,1.381399685106441,0.0782970465470383,74.43471395126177,0.9103168584140083,156.12801689614525
