Follower_ID,Run_Index,rho,lamb,vf,Error,MSE,RMSE,MAE,MAPE,NRMSE,SSE,R-squared,Total Difference
5366,1,0.48434372057872044,0.001442006981616367,29.943026689697923,228.06255818788816,0.038411829692703514,0.19598936117224197,0.21374185397177897,0.5116593604028956,0.006640977117833741,40.985422282114655,0.998476700857651,228.06255818788816
195,2,0.6220587026759635,-0.00014310240166154082,28.56123356202787,93.4109440147266,0.01191025423441537,0.10913411123207707,0.10663349773370616,0.9637917495124217,0.011271166126026673,10.433382709347864,0.9964163040020635,93.4109440147266
286,3,0.6956138852378826,-0.00047622673474462945,29.89971697074971,27.987725334874,0.0021749336515902756,0.04663618393040189,0.05135362446765872,0.2888337099273415,0.002431124540627179,1.1853388401167004,0.9998925884175067,27.987725334874
