Follower_ID,Run_Index,rho,lamb,Error,MSE,RMSE,MAE,MAPE,NRMSE,SSE,R-squared,Total Difference
5366,1,0.06630327699437549,0.4,5855.188603777882,21.77941296307074,4.666841861802341,5.4875244646465635,7259295.855961421,0.11573617841794548,23238.63363159648,0.5445396484122464,5855.188603777882
195,2,0.06304838254922215,0.4,4555.708230590895,20.41582680166664,4.518387632957872,5.200580171907415,20.64617989089036,0.15240814714339418,17884.264278259976,0.4515969687825442,4555.708230590895
286,3,0.052050888777974494,0.339674723154604,8771.70113159417,621.2755598305871,24.92539989309273,16.094864461640682,45.76823908356791,0.2561372699531533,338595.18010766996,0.1280754405933635,8771.70113159417
