Follower_ID,Run_Index,rho,lamb,vf,Error,MSE,RMSE,MAE,MAPE,NRMSE,SSE,R-squared,Total Difference
8,1,0.15411490982283393,0.43210494138362937,33.71381137468579,367.26208422552975,0.10807409809247856,0.3287462518303115,0.2451682805243857,0.9166857223853735,0.06358728275247802,161.89499894253288,0.9443957406924945,367.26208422552975
12,7,0.1326786372422527,0.44096286824815323,28.083305853689627,242.42616427196702,1.1238334574638533,1.0601101157256512,0.8359522905929897,3.0914906916306393,0.4977042796834037,325.91170266451746,-2.3319708566650226,242.42616427196702
40,9,0.3299739556760767,1e-06,33.0460410170946,156.65231747924526,0.13286593388359716,0.36450779673910566,0.283790430216024,1.3888611264776467,0.07772021252432955,73.34199550374564,0.911633427230359,156.65231747924526
