Follower_ID,Run_Index,rho,lamb,vf,Error,MSE,RMSE,MAE,MAPE,NRMSE,SSE,R-squared,Total Difference
8,1,0.2831168176675472,0.0023485352660407716,32.827764131837796,340.64985852037256,0.08664157901130803,0.2943494165295865,0.22740310982668396,0.8579624653318203,0.05693412311984263,129.78908535893945,0.9554227986984073,340.64985852037256
12,7,1.2290094424701512,0.07644992083945165,27.196172205978762,148.27521537350864,0.3601781658247646,0.6001484531553544,0.5112938461155471,1.9141106066084053,0.28175983716213787,104.45166808918172,-0.06786565550685886,148.27521537350864
40,9,0.25266707686707957,0.07701151753616754,33.017547775230646,159.94870583055996,0.13294529315446493,0.3646166386144013,0.28976214824376806,1.4161378105209117,0.07774341974720708,73.38580182126464,0.9115806469082771,159.94870583055996
