Follower_ID,Run_Index,rho,lamb,vf,Error,MSE,RMSE,MAE,MAPE,NRMSE,SSE,R-squared,Total Difference
694,1,0.8846099049526419,0.008374593929570025,30.397690253960512,194.90698885390503,0.1748838041953809,0.41819110965607686,0.35181766941138093,0.48128721818828657,0.0056157042148266955,96.88562752424102,0.9991853465817506,194.90698885390503
1416,1,0.903645275603878,0.014403169503526825,26.85845823400191,39.25314468264824,0.02075096270403247,0.14405194446460093,0.1533325964165947,0.26791571831271394,0.00634956538673015,5.312246452232312,0.9991216423743319,39.25314468264824
1779,1,1.3340334757197547,0.023540289284728906,28.978551349199527,138.862636755947,0.2999921262365113,0.5477153697282113,0.4959379884140963,0.6284414688098955,0.006517374912807987,83.99779534622316,0.9995079454046375,138.862636755947
2342,1,0.802027112784549,0.0016739397273599313,30.614547768673752,18.11794985869505,0.008260498760281437,0.09088728602110109,0.09196928862281752,0.16417480829595532,0.011330782741857549,1.627318255775443,0.9965068169711834,18.11794985869505
