Follower_ID,Run_Index,rho,lamb,Error,MSE,RMSE,MAE,MAPE,NRMSE,SSE,R-squared,Total Difference
5366,1,0.06630338112204484,0.4,5855.18858561359,21.77937795995502,4.666838111607796,5.487524447622858,7259300.618000988,0.11573616007712564,23238.59628327201,0.5445397570339283,5855.18858561359
195,2,0.06308764692793946,0.4,4555.695608447794,20.40792081314547,4.5175126799097605,5.2005657630682585,20.645044943240254,0.15239802735002936,17877.33863231543,0.451660323892009,4555.695608447794
286,3,0.054528733250885406,0.3913188354776652,8759.768789079697,614.0402937376042,24.779836434843638,16.072970255192104,45.53788344642309,0.255369938264898,334651.9600869943,0.1322610208630418,8759.768789079697
