Follower_ID,Run_Index,rho,lamb,Error,MSE,RMSE,MAE,MAPE,NRMSE,SSE,R-squared,Total Difference
5366,1,0.06615816851563253,0.4,5855.283923548473,21.829644092364738,4.672220467011883,5.4876137990145,7252649.291651038,0.11576200972148455,23292.230246553176,0.5443877826217838,5855.283923548473
195,2,0.06312155863995575,0.4,4555.712702834897,20.40127834464873,4.516777429168802,5.200585277208786,20.644067029118602,0.15238934709292193,17871.519829912286,0.45171491449385126,4555.712702834897
286,3,0.0545659983902103,0.3934982248298302,8759.740203001653,613.2994657560873,24.764883721836597,16.072917803672755,45.531890442826636,0.25533581593562354,334248.2088370676,0.13232337906610825,8759.740203001653
