Follower_ID,Run_Index,rho,lamb,vf,Error,MSE,RMSE,MAE,MAPE,NRMSE,SSE,R-squared,Total Difference
2,1,0.09800446123397273,0.1467214239366609,25.366714921144894,3.217802962481688,0.008294199387630012,0.09107249523116193,0.076614356249564,5.66996562986901,0.01771838428621827,0.3483563742804605,0.9953655736976043,3.217802962481688
