Follower_ID,Run_Index,rho,lamb,vf,Error,MSE,RMSE,MAE,MAPE,NRMSE,SSE,R-squared,Total Difference
2,1,0.0921342897229819,0.16215251552923865,27.110005255867584,3.0343342429456914,0.007725486917366356,0.0878947490887047,0.07224605340346885,5.243748961746357,0.01710014573710208,0.32447045052938694,0.9956833446972527,3.0343342429456914
