Follower_ID,Run_Index,rho,lamb,vf,Error,MSE,RMSE,MAE,MAPE,NRMSE,SSE,R-squared,Total Difference
31,1,0.050564125669153324,0.1036706531758299,25.04654641439253,310.98494156788956,0.7624995367411281,0.8732121945673503,0.6295241732143514,9.537528019170047,0.08732121945673503,376.6747711501173,0.9216535360078641,310.98494156788956
