Follower_ID,Run_Index,rho,lamb,vf,Error,MSE,RMSE,MAE,MAPE,NRMSE,SSE,R-squared,Total Difference
2,1,0.09068157446314695,0.2907177197667174,25.506645141811553,5.663525114612923,0.0316057108612545,0.17777995067288802,0.13484583606221245,11.740069309216604,0.04049657190726378,1.327439856172689,0.9783545086240146,5.663525114612923
3568,1,0.022651566673046145,0.19094960884937695,25.82532591104006,415.7974002252776,78.05345335414978,8.834786548307196,1.9521004705412095,33.81132828981085,0.08081583011623854,16625.385564433902,-0.025945575131199883,415.7974002252776
4000,1,0.09078288096802574,0.11777450428841374,25.427990559194946,20.272581830966256,0.2822042370066844,0.5312289873554383,0.4505018184659168,285.1752623375439,0.6989855096782083,12.699190665300797,-5.094545380205872,20.272581830966256
4008,1,0.3714471751713218,0.6865061801699914,24.30362296296459,0.4691789300863627,0.03792875513097843,0.19475306192966116,0.15639297669545424,32.29392975326576,0.367458607414455,0.11378626539293529,0.28255822576963874,0.4691789300863627
