Follower_ID,Run_Index,rho,lamb,vf,Error,MSE,RMSE,MAE,MAPE,NRMSE,SSE,R-squared,Total Difference
13,1,0.12986481686301754,0.3964869872820941,27.165213091019883,135.62653934776336,0.12772245903621376,0.35738279062682043,0.22909888403338405,28.09134926326784,0.021010158179119366,75.61169574943855,0.9955274998178683,135.62653934776336
