Follower_ID,Run_Index,rho,lamb,vf,Error,MSE,RMSE,MAE,MAPE,NRMSE,SSE,R-squared,Total Difference
13,1,0.135848603490075,0.3429811106373059,26.73162223988926,135.70830394801695,0.127518592466069,0.3570974551380463,0.2292369999121908,27.72206965219912,0.020993383605999193,75.49100673991285,0.9955346386819254,135.70830394801695
