Follower_ID,Run_Index,rho,lamb,vf,Error,MSE,RMSE,MAE,MAPE,NRMSE,SSE,R-squared,Total Difference
2,1,0.06634296231494048,0.6428052074092431,25.044317213238173,253.07635553287253,0.26167135523907953,0.5115382246118853,0.4101723752558712,4.143887238850903,0.06475167400150447,161.45122618251207,0.9506414265230156,253.07635553287253
