Follower_ID,Run_Index,rho,lamb,vf,Error,MSE,RMSE,MAE,MAPE,NRMSE,SSE,R-squared,Total Difference
2,1,0.06186674788769081,0.5701724569037555,26.624825894100145,252.94651070439824,0.26652791989851,0.5162634210347562,0.40996192982884644,4.129192076828091,0.06534980013098181,164.44772657738065,0.9497253419047004,252.94651070439824
