Follower_ID,Run_Index,rho,lamb,vf,Error,MSE,RMSE,MAE,MAPE,NRMSE,SSE,R-squared,Total Difference
31,1,0.05520182077054471,0.11439564979513395,25.763115563499092,309.95318124982185,0.8050412619464199,0.8972409163354176,0.6274355895745382,9.66726326654888,0.08972409163354175,397.69038340153145,0.9172823940184477,309.95318124982185
