Follower_ID,Run_Index,rho,lamb,vf,Error,MSE,RMSE,MAE,MAPE,NRMSE,SSE,R-squared,Total Difference
31,1,0.052880921997146196,0.10461339824518583,24.31462694265266,310.12756130515294,0.7523014868135725,0.8673531499992218,0.6277885856379614,9.445311004610232,0.08673531499992218,371.6369344859048,0.92270138077752,310.12756130515294
