Follower_ID,Run_Index,rho,lamb,vf,Error,MSE,RMSE,MAE,MAPE,NRMSE,SSE,R-squared,Total Difference
13,1,0.1343405570543655,0.3496311531286158,26.84501625202302,135.59949194331784,0.12752278115732593,0.3571033200032253,0.22905319585019907,27.774140352410082,0.02099372839525134,75.49348644513695,0.9955344920051189,135.59949194331784
