Follower_ID,Run_Index,rho,lamb,vf,Error,MSE,RMSE,MAE,MAPE,NRMSE,SSE,R-squared,Total Difference
2,1,0.08434669924709297,0.2012438585606381,30.12990248588001,2.906915237332033,0.006846179324499307,0.08274164202201517,0.06921226755552459,4.938433109609504,0.016097595724127462,0.2875395316289709,0.9961746623092161,2.906915237332033
