Follower_ID,Run_Index,rho,lamb,vf,Error,MSE,RMSE,MAE,MAPE,NRMSE,SSE,R-squared,Total Difference
2,1,0.06550392446424892,0.6516498708006442,25.372360979882828,252.59435514547613,0.2619382279438661,0.5117990112767571,0.4093911752762984,4.134458952475764,0.0647846849717414,161.6158866413654,0.9505910868287981,252.59435514547613
