Follower_ID,Run_Index,rho,lamb,vf,Error,MSE,RMSE,MAE,MAPE,NRMSE,SSE,R-squared,Total Difference
5,1,0.0686164907400603,0.38120762090696725,25.908483198218047,75.63379925582277,0.1727681726920318,0.41565390975188937,0.3049749969992853,35.32012147528074,0.027710260650125957,42.846506827623884,0.9938277059443443,75.63379925582277
