Follower_ID,Run_Index,rho,lamb,vf,Error,MSE,RMSE,MAE,MAPE,NRMSE,SSE,R-squared,Total Difference
2,1,0.09499211526201806,0.15390621511900315,26.094738485947882,3.113771881993147,0.007956826212512964,0.08920104378600602,0.0741374257617416,5.3927470490629705,0.017354288674320234,0.3341867009255445,0.9955540826836333,3.113771881993147
