Follower_ID,Run_Index,rho,lamb,vf,Error,MSE,RMSE,MAE,MAPE,NRMSE,SSE,R-squared,Total Difference
2,1,0.10037678125089089,0.14127949930351885,24.80205231864969,3.291717477793857,0.008599512733529355,0.09273355775300199,0.0783742256617585,5.8352659496258115,0.01804154820097315,0.36117953480823295,0.9951949783050196,3.291717477793857
