Follower_ID,Run_Index,rho,lamb,vf,Error,MSE,RMSE,MAE,MAPE,NRMSE,SSE,R-squared,Total Difference
10,1,0.04519416365019567,0.006029952311167652,25.190379216964605,679.088994550433,0.332910691511973,0.5769841345409534,0.30397895906465217,54.09398502990687,0.07903892253985664,743.7224848377476,0.9309867180003695,679.088994550433
