Follower_ID,Run_Index,kv,kp,S_desired,Error,MSE,RMSE,MAE,MAPE,NRMSE,SSE,R-squared,Total Difference
8,1,0.37880934197453486,0.001984412210390571,10.942769594449262,293.14520237056206,0.07420425004677839,0.272404570532101,0.2258437614565193,0.8666534356015964,0.05268947205649921,96.31711656071835,0.9587788160482181,293.14520237056206
12,7,0.9180323296922696,0.03681870059755393,7.48683027813406,9.710384826459908,0.01566353357504862,0.12515403938766267,0.10789316473844342,0.40827177496665273,0.09410078149448309,1.4097180217543759,0.9332416479289017,9.710384826459908
40,9,0.7599301013234016,0.011808866647726969,8.120009857514322,96.32911383427324,0.14146483693813242,0.37611811567396275,0.2736622552110035,1.2795464189237389,0.08912751556255036,49.79562260222261,0.9114722023813617,96.32911383427324
