Follower_ID,Run_Index,kv,kp,S_desired,Error,MSE,RMSE,MAE,MAPE,NRMSE,SSE,R-squared,Total Difference
8,1,1.7368401111969098,0.002916864734781671,5.608186419985403,455.73042604586965,0.14700195749566597,0.38340834301781435,0.304225918588698,1.1673306676413746,0.07416022108661784,220.20893232850761,0.924367308100915,455.73042604586965
12,7,3.1273685164219978,0.125971386501333,4.385925270064568,228.3047288332246,1.122102430676711,1.0592933638405893,0.787257685631809,2.9026377265339205,0.4973208280941728,325.4097048962462,-2.3268386631281968,228.3047288332246
40,9,1.7189768430326464,-0.008509795922136063,6.255549618410173,152.16409105356138,0.12528304076769717,0.353953444350662,0.275659585241959,1.3509875782293759,0.07546981755877652,69.15623850376883,0.9166766633462292,152.16409105356138
