Follower_ID,Run_Index,Tmax,Alpha,Beta,Wc,Gamma1,Gamma2,Wm,Error,MSE,RMSE,MAE,MAPE,NRMSE,SSE,R-squared,Total Difference
5366,1,2.056123200998888,0.46885170967960627,4.495795926478248,104170.81933213823,1.5212317200408332,0.38787739596408877,3.3348284363982317,15189457.851228267,674598538.9508401,25973.034842906596,14235.668089248611,inf,99.34560266987329,719796641060.5464,-201394.64698479528,15189457.851228267
195,2,4.723982190254684,0.2808480209788014,7.668511627401534,80973.24223623064,1.4698942181290415,0.3647923626732519,7.407859797836372,2131003.2804827364,16198696.181348536,4024.760388066417,2432.6521466697905,1945.7960760464325,27.169387176845717,14190057854.861319,-11079.266511530728,2131003.2804827364
286,3,7.085770013489266,0.5626850991355212,2.96558640006788,97644.44060704627,1.8384859664949265,1.7040660847585711,6.206853387500329,8903.14011419653,474.1509912395162,21.775008409631354,16.336036906782624,29.149551075750654,0.20903114166746087,258412.2902255363,0.435759135554454,8903.14011419653
