Follower_ID,Run_Index,kv,kp,S_desired,Error,MSE,RMSE,MAE,MAPE,NRMSE,SSE,R-squared,Total Difference
5366,1,1.1055883172353385,0.13275354611832108,4.921084433768653,316.0198292299203,0.14489816121330562,0.38065491092760856,0.29617603489214644,22.57027909179421,0.047286324338833355,154.6063380145971,0.959119915453316,316.0198292299203
195,2,0.5768832527491788,0.0006152790130355273,4.150813491064129,117.09485555010342,0.03235079975009714,0.17986328071648514,0.1336699264270587,5.055847669011717,0.038514621138433645,28.339300581085094,0.9788499678755503,117.09485555010342
286,3,0.931756712893288,1e-06,4.855205524070003,700.4537054871755,1.9049008030020462,1.3801814384355582,1.2852361568572028,52.224813313240304,0.25558915526584414,1038.1709376361152,0.3561054023788198,700.4537054871755
