Follower_ID,Run_Index,kv,kp,S_desired,Error,MSE,RMSE,MAE,MAPE,NRMSE,SSE,R-squared,Total Difference
5366,1,6.725902160553592,-0.02907425334507019,3.6200791157212633,1661.1621375093093,2.734495919553989,1.6536311316475596,1.5568529873564285,2269374.3008680516,0.00859763304783305,2917.7071461641062,0.998253966854149,1661.1621375093093
195,2,5.283430832422876,0.08967450171032465,2.3271940851984425,935.7052606931363,1.4239712546581051,1.1933026668277018,1.0681566902889685,1.3102297109107923,0.009885145829257008,1247.3988190805003,0.9982606254311199,935.7052606931363
286,3,6.435572618634988,2.515373830474123,2.213949803440827,1179.2743620134572,4.524923197811072,2.1271866861681583,2.1638061688320316,1.1414295933708596,0.019046830571614232,2466.083142807034,0.9957265708011312,1179.2743620134572
