Follower_ID,Run_Index,kv,kp,S_desired,Error,MSE,RMSE,MAE,MAPE,NRMSE,SSE,R-squared,Total Difference
694,1,5.746902099518653,1.4677927307865843,2.581757085362389,1400.2166762808913,6.279924538564635,2.505977760987642,2.5274669246947497,1.289556466676928,0.011126688870699713,3479.078194364808,0.9977724979313936,1400.2166762808913
1416,1,5.708723218538713,0.7833767269731913,2.506945676989344,448.76372195474033,3.2637337873398624,1.8065806894074403,1.7529832888857044,1.4224932223376767,0.02403090041814203,835.5158495590048,0.9913906595789537,448.76372195474033
1779,1,8.81511217567615,0.06140660376614815,7.37020070519081,169.6351108931137,0.5042819912426909,0.7101281512816479,0.6058396817611204,0.5038798882975216,0.006148750376120579,141.19895754795346,0.9996020686070294,169.6351108931137
2342,1,5.038195178536068,4.701787531287757,2.71719207201007,531.1591644993556,6.913001987472661,2.629258828543257,2.6962394137023127,1.378233295840202,0.16018720618573537,1361.8613915321143,0.3448039778330325,531.1591644993556
