Follower_ID,Run_Index,kv,kp,Error,MSE,RMSE,MAE,MAPE,NRMSE,SSE,R-squared,Total Difference
694,1,1.372482606435638,2.9227395391490916,13188.645069471917,647.8403605214523,25.452708314076368,23.806218536952922,26.322772019480983,0.20715290425152277,358903.5597288846,0.022346918054742426,13188.645069471917
1416,1,2.235357115851076,1.8802708577035023,9288.90365766317,1421.575866587346,37.703791143429406,36.28477991274676,77.28837207672215,1.0884037796333632,363923.42184636055,-22.261594455226266,9288.90365766317
1779,1,1.4021316937364852,2.8146255008368097,29360.562414281012,12390.572133942947,111.3129468388244,104.85915147957505,59.74222973961648,0.489188864763892,3469360.197504025,-1.0926062526297844,29360.562414281012
2342,1,2.1331671366784124,3.709190323305515,13398.45974300331,4708.090054247419,68.6155234203414,68.01248600509295,63.52172325257593,3.4733482382443217,927493.7406867415,-299.49002474029066,13398.45974300331
