Follower_ID,Run_Index,kv,kp,S_desired,Error,MSE,RMSE,MAE,MAPE,NRMSE,SSE,R-squared,Total Difference
5366,1,7.766989631160425,9.41971653357584,2.402953953602176,3640.228046784029,9.417420954677631,3.0687816726964514,3.411647653968162,1984098.9404888414,0.11113192356955588,10048.388158641032,0.5583232416146451,3640.228046784029
195,2,3.482073284082872,3.7647458748630935,1.9375773509244576,2202.217364110882,4.73046995921395,2.174964358147956,2.513946762683655,19.854960390647726,0.13901566704566304,4143.891684271421,0.5049779636380198,2202.217364110882
286,3,3.3332394982086195,4.463359127124943,1.930145544713349,1618.5202409816834,7.240699250875652,2.6908547435481633,2.9697619100581343,20.323533203631857,0.14677447983531985,3946.1810917272305,0.5568591637042054,1618.5202409816834
