Follower_ID,Run_Index,kv,kp,S_desired,Error,MSE,RMSE,MAE,MAPE,NRMSE,SSE,R-squared,Total Difference
5366,1,2.843095380492369,0.016821949493409497,2.514862998498029,806.6819866321706,0.2736605020865346,0.5231257039054137,0.7560281036852583,0.9927914662092039,0.011951830295618734,583.9915114526648,0.9954468036379336,806.6819866321706
195,2,3.1016542506886595,0.005605398373182996,2.5817510275499673,362.61679738970827,0.0984700337485748,0.3137993526898594,0.4139461157416761,0.8019679975087817,0.010044720678467983,172.51949912750305,0.9975787594622797,362.61679738970827
286,3,3.1776729259191123,0.0030370621067728897,3.2340843874404395,251.4833322984884,0.09872758515618982,0.31420946064081173,0.46143730696970353,1.0697839372021736,0.00914271072146189,107.6130678202469,0.9987003400534293,251.4833322984884
