Follower_ID,Run_Index,kv,kp,Error,MSE,RMSE,MAE,MAPE,NRMSE,SSE,R-squared,Total Difference
5366,1,1.6868135851748438,1.2756402313436443,15244.500167482818,217.01356645843174,14.731380331063065,14.287254140096362,inf,0.14896241275272362,231553.47541114668,0.3497207470308665,15244.500167482818
195,2,2.735078134938484,1.1430569960579966,10913.40064778374,130.69274817051763,11.432092904211268,12.458219917561346,22.380888448717005,0.18569795580959483,114486.84739737344,0.28834183300085875,10913.40064778374
286,3,2.3527112154207175,1.0406809353057471,14110.600119806073,1019.7468145370501,31.933474827162954,25.891009394139584,46.6677399461508,0.29876111295033264,555762.0139226923,-0.1399631718812775,14110.600119806073
