Follower_ID,Run_Index,kv,kp,S_desired,Error,MSE,RMSE,MAE,MAPE,NRMSE,SSE,R-squared,Total Difference
5366,1,2.0788633432415784,1.9752302441652099,9.474213570290411,7243.961662392016,33.8642643283943,5.819301017166435,6.789092467096547,14395647.627902409,0.12061581939890532,36133.17003839672,0.5163862936140096,7243.961662392016
195,2,2.0200617424075977,1.7756295586651616,9.688199357324741,5855.548848241579,39.426229810779176,6.279030961126022,6.684416493426461,19.86834137599273,0.1556365115801993,34537.37731424256,0.4543446175704466,5855.548848241579
286,3,1.9474089689785936,1.9896099213475886,9.246030003052967,11126.583964063992,817.9468605546775,28.599770288494934,20.41575039277797,45.03247445836654,0.2636628624555393,445781.03900229925,0.11777560089885336,11126.583964063992
