Follower_ID,Run_Index,kv,kp,S_desired,Error,MSE,RMSE,MAE,MAPE,NRMSE,SSE,R-squared,Total Difference
5366,1,8.0,0.003093915438645914,8.728923941735433,251.1542937104618,0.049502746382328634,0.22249212656255643,0.23538359298075145,0.5077796193157781,0.006465859471917051,52.81943038994466,0.9985745975905391,251.1542937104618
195,2,8.0,0.0027024011641883926,5.1443155890344,132.9111820811446,0.01941582487812436,0.1393406791935663,0.15172509369993678,0.6254108534716643,0.007471186029745744,17.00826259323694,0.998508089228217,132.9111820811446
286,3,8.0,0.0035361746374591063,6.442269067888877,78.05355413704105,0.01835345610553401,0.1354749279591394,0.14321753052668082,0.4394541862907475,0.0037033458737248497,10.002633577516034,0.9997733858975427,78.05355413704105
