Follower_ID,Run_Index,kv,kp,S_desired,Error,MSE,RMSE,MAE,MAPE,NRMSE,SSE,R-squared,Total Difference
5366,1,0.7542624104698664,0.34428849310839865,8.525945370355766,13353.619871879415,190.10754369046057,13.787949219897083,12.515107658743595,12887713.802829541,0.13059462964151444,202844.74911772143,0.5080743008455353,13353.619871879415
195,2,0.17816628006328905,0.8874101373224662,8.96191598551924,5649.852949472182,32.9595558666646,5.741041357337935,6.449603823598382,25.15989289166568,0.16639727468220572,28872.570939198187,0.3603524155968908,5649.852949472182
286,3,0.1778019274826326,0.6915122721645905,9.036578202552123,10218.798670656357,738.6669144875135,27.17842737333258,18.750089303956617,47.74898456785098,0.2787598059714408,402573.4683956948,-0.03192972352208501,10218.798670656357
