Follower_ID,Run_Index,kv,kp,S_desired,Error,MSE,RMSE,MAE,MAPE,NRMSE,SSE,R-squared,Total Difference
8,1,2.3712641778452093,0.15338314721018792,4.356873303130056,6021.605778696272,16.71692464893734,4.088633591915194,4.019763537180422,0.21747536581720822,0.009278392609941885,25041.953124108135,0.9978828717623882,6021.605778696272
12,7,2.625101716165662,0.0008179122844632208,5.286041045238068,72.66235574900136,0.051014400943502854,0.22586367778707325,0.2505598474103495,0.14821884238301664,0.02301123067084041,14.794176273615829,0.9859168928779709,72.66235574900136
40,9,2.4580184786616766,0.026347079091162934,4.756683172597147,856.2316946871471,2.5509910331559786,1.5971822166415386,1.5511443744332374,0.35016823041114004,0.01526663944865223,1408.1470503021005,0.9937935711747002,856.2316946871471
