Follower_ID,Run_Index,kv,kp,S_desired,Error,MSE,RMSE,MAE,MAPE,NRMSE,SSE,R-squared,Total Difference
5366,1,0.9609262352170779,0.15225955461324048,9.789058177264838,297.75686496547036,0.13513248102146558,0.36760370104429796,0.2790598547005345,21.634928970763532,0.04566505603034757,144.18635724990378,0.9618751045361547,297.75686496547036
195,2,0.5329870215015802,0.003239778661229188,9.485729773817214,117.18951953797635,0.031157637115538525,0.17651526029082734,0.13377799034015567,5.120844319104031,0.03779770027640843,27.294090113211748,0.979630023646831,117.18951953797635
286,3,0.553876694825925,1e-06,10.713252047376493,608.2498923209515,1.4781733246532456,1.2158015153195219,1.1160548482953239,44.15787925252236,0.22514842876287444,805.6044619360189,0.5003478309253768,608.2498923209515
