Follower_ID,Run_Index,kv,kp,S_desired,Error,MSE,RMSE,MAE,MAPE,NRMSE,SSE,R-squared,Total Difference
694,1,2.399748609321235,0.012149799090084915,4.676465306190779,1596.575184961415,13.702126012289268,3.7016382876085108,2.881904665995334,5.941189536782745,0.06586445425675448,7590.977810808255,0.8821826337847392,1596.575184961415
1416,1,1.2223812737088648,0.08376989903001926,4.75705910796841,278.3117686774815,1.8677660391360793,1.3666623720349074,1.087155346396412,3.5671865301624486,0.06936397220903788,478.1481060188363,0.8922531996160201,278.3117686774815
1779,1,1.9006248921481117,0.3668561596096455,6.851794627538054,2294.912207666209,73.89710783873836,8.596342701331675,8.196115027379317,9.870897409713999,0.07314865248245786,20691.190194846742,0.943998497396763,2294.912207666209
2342,1,1.9346212129778295,0.09588054622681519,5.559841116592884,411.5292411254236,5.235901926202823,2.2882093274442403,2.0889809194183937,4.998629256685755,0.37423892668714165,1031.472679461956,-2.8690454434461574,411.5292411254236
