Follower_ID,Run_Index,Tmax,Alpha,Beta,Wc,Gamma1,Gamma2,Wm,Error,MSE,RMSE,MAE,MAPE,NRMSE,SSE,R-squared,Total Difference
5366,1,5.984099324298877,0.5652839619280938,7.679533185525097,79867.15947156952,0.3424177120615351,1.387611942638371,3.8008090798497762,1020407404.7210782,4802128348325.283,2191375.9030173905,956333.0878360621,inf,12566.239601082463,5123870947663077.0,-3884274857.921386,1020407404.7210782
195,2,6.432161941646674,0.36212155437275567,4.570042029670615,69853.45131348819,0.8753752971587496,1.5640023479741392,4.9976398068998975,52785201.72693549,15650667101.642029,125102.62627795641,60257.07959695832,84971.63404174925,1271.53519169981,13709984381038.418,-28897278.660919245,52785201.72693549
286,3,2.5509295277234556,0.495750494390433,2.899123155560797,121496.52387109611,1.0045195673580622,1.5049578202079594,7.397501080718507,171272.32020389757,266045.80834999215,515.7962857078288,314.2611379888029,793.2990890512011,4.9242125321923105,144994965.55074573,-311.38565912274987,171272.32020389757
