Follower_ID,Run_Index,kv,kp,S_desired,Error,MSE,RMSE,MAE,MAPE,NRMSE,SSE,R-squared,Total Difference
5366,1,0.9965028108876733,0.1663837812024136,9.851982842892626,223.3891768797526,0.10672529841177014,0.3266883812010616,0.25765764345992226,24.5459187580567,0.04058240760261634,92.53083372300472,0.9728808846680974,223.3891768797526
195,2,0.5071989142912391,0.004266942479690242,10.8847690217855,99.55341214692326,0.03587332849207189,0.18940255671999756,0.14726836116408767,5.704109980871537,0.040557292659528385,24.2503700606406,0.9799906902959485,99.55341214692326
286,3,0.6652483496956523,0.08527626849308946,10.194089318931129,55.23769110623893,0.04227748358171928,0.2056148914396019,0.16010924958330125,3.6464667414173118,0.07422920268577687,14.585731835693153,0.9402139511173393,55.23769110623893
