Follower_ID,Run_Index,kv,kp,S_desired,Error,MSE,RMSE,MAE,MAPE,NRMSE,SSE,R-squared,Total Difference
8,1,4.721880021747919,0.1582607052733698,9.491300515812556,31419.698881645058,520.3815587744729,22.811873197404744,20.974431830203642,1.1033220166009596,0.047279120367293176,779531.5750441604,0.9456085832675343,31419.698881645058
12,7,4.560572427109084,0.19300395329722217,8.351167629179097,801.44270475677,13.458641368236878,3.6686021000153284,2.7635955336440343,1.3589832480811692,0.2306079995847895,3903.0059967886946,-0.40257565541727375,801.44270475677
40,9,4.943436449777735,0.2689883118256977,9.588206869379174,1328.0366191109367,6.314238278534436,2.5128148118264577,2.4058634404183636,0.8539979804654116,0.04139161004785555,3485.4595297510086,0.9525146127797246,1328.0366191109367
