Follower_ID,Run_Index,kv,kp,Error,MSE,RMSE,MAE,MAPE,NRMSE,SSE,R-squared,Total Difference
5366,1,2.262389443146273,5.470570241836258,12448.190246959457,111.27391188605269,10.54864502607101,11.6665325650979,inf,0.14634502120936682,118729.26398241821,0.33031664051157095,12448.190246959457
195,2,1.03303262103529,5.750698333378398,10170.437248515065,108.54882574295179,10.418676775049306,11.610088183236376,21.612113350920726,0.1920566456959516,95088.77135082577,0.21581882860075136,10170.437248515065
286,3,1.1492070804752312,6.005606307262217,13516.4001862101,967.0514859016762,31.097451437403617,24.800734286624035,48.00620455792078,0.321262961148482,527043.0598164136,-0.3747168304860948,13516.4001862101
