Follower_ID,Run_Index,kv,kp,S_desired,Error,MSE,RMSE,MAE,MAPE,NRMSE,SSE,R-squared,Total Difference
5366,1,4.115740501878878,0.006407822155336935,5.6234729740420155,544.2575085538882,0.12841302434970867,0.35834763059033703,0.5100820136400077,0.7413522869821811,0.009058749033031931,274.03339396227824,0.9973468548728676,544.2575085538882
195,2,6.54386119223602,0.0011542677743650608,8.124089886723343,165.06288988420982,0.017109448818091087,0.130803091775734,0.18842795648882402,0.6149446297611694,0.007442058833725288,29.975754329295587,0.9985597714489125,165.06288988420982
286,3,8.0,0.002953772604867451,5.0,77.35586331033873,0.008372300533368654,0.09150027613820985,0.14193736387218117,0.43785131042830966,0.003693188145121644,9.125807581371832,0.9997728165498461,77.35586331033873
