Follower_ID,Run_Index,kv,kp,S_desired,Error,MSE,RMSE,MAE,MAPE,NRMSE,SSE,R-squared,Total Difference
8,1,4.9301812031107355,1e-09,3.713840599155801,324.62705390789915,0.0251788369364797,0.1586784072786203,0.2167069785767017,0.06890808174212544,0.003530633848446928,75.43579546169317,0.999662565596177,324.62705390789915
12,7,5.990115012468029,1e-09,4.583047536330537,27.371681191466752,0.003345244401730647,0.0578380878118446,0.09438510755678191,0.06752850535941224,0.010493301815942975,1.940241753003775,0.997062738873443,27.371681191466752
40,9,5.806426836378096,1e-09,4.546825579000192,102.56272248006931,0.021707204946514673,0.14733365177892888,0.18580203347838642,0.14442359943570265,0.006409998410024663,23.964754260952198,0.9988311184988723,102.56272248006931
