Follower_ID,Run_Index,kv,kp,S_desired,Error,MSE,RMSE,MAE,MAPE,NRMSE,SSE,R-squared,Total Difference
694,1,3.1388336215493977,0.029321258678309543,4.4315251126280915,589.2663294497551,0.7408402521946453,0.8607207748129735,1.0636576343858395,1.354936963305891,0.013860431187276496,820.850999431667,0.9952102249526306,589.2663294497551
1416,1,3.4512099273965884,0.06180599514629513,3.339938275584113,110.60585405482581,0.09425117523477905,0.3070035427072122,0.43205411740166333,0.5530842474835599,0.012508634415362974,48.25660172020687,0.9969293333705451,110.60585405482581
1779,1,3.377783065181704,0.18395545371486569,2.916994913755691,297.12429929247986,0.719739626707254,0.8483746971163473,1.0611582117588567,1.085170913918787,0.011226719518754282,403.05419095606226,0.9986401926860438,297.12429929247986
2342,1,3.277214318195465,0.00935616223350117,3.8964172536117347,43.9478660036227,0.02930544482637522,0.1711883314550826,0.22308561423158732,0.29592285184391104,0.0200048242369167,11.546345261591837,0.9894460528827336,43.9478660036227
