Follower_ID,Run_Index,kv,kp,S_desired,Error,MSE,RMSE,MAE,MAPE,NRMSE,SSE,R-squared,Total Difference
5366,1,6.200577604154199,0.006535689356136959,5.702479028578068,335.3834341102538,0.042861514886433395,0.20703022698734935,0.31432374330857904,0.5649088612499594,0.007038563844079867,91.46647276764887,0.9983413456111904,335.3834341102538
195,2,6.069518610824043,0.0034653393466321796,5.257521175739588,180.87748007136332,0.019550847784331582,0.1398243461788096,0.2064811416339764,0.6175286764562925,0.007498676101249421,34.25308531814893,0.9985472171476732,180.87748007136332
286,3,6.370340169588945,0.004817235208836438,3.864634960490429,106.92185871842273,0.016740838725920474,0.12938639312509054,0.19618689673105089,0.5488063890939134,0.004626192444996112,18.247514211253318,0.999651730051434,106.92185871842273
