Follower_ID,Run_Index,kv,kp,Error,MSE,RMSE,MAE,MAPE,NRMSE,SSE,R-squared,Total Difference
694,1,-0.05683303688457132,4.140900053863032,3454.939771107075,111.34382409457518,10.55195830614276,6.2363533774495945,9.464840151176318,0.10736650947052197,61684.47854839465,0.7203363329795782,3454.939771107075
1416,1,0.32164360379461365,4.570609750314967,541.7488266148649,11.257476221370242,3.3552162704317947,2.116206353964316,6.2637886275651455,0.145730443262622,2881.913912670782,0.5387277640844162,541.7488266148649
1779,1,0.3922619009950683,3.831797014391515,1666.0923677317376,32.499601864855755,5.700842206626645,5.950329884756206,9.808926878550073,0.06861895506856319,9099.88852215961,0.9452816871170977,1666.0923677317376
2342,1,0.19336916107910107,4.1570610794334115,822.9267058407561,35.44306277678446,5.953407660893419,4.1772929230495235,9.952485877593805,0.9147558297255455,6982.283367026538,-22.042190254884726,822.9267058407561
