Follower_ID,Run_Index,kv,kp,S_desired,Error,MSE,RMSE,MAE,MAPE,NRMSE,SSE,R-squared,Total Difference
8,1,3.129964887231066,0.004392140075521685,5.3260433182531735,488.9292518875107,0.168570000324522,0.41057277104615936,0.3263880186164958,1.2532083685097968,0.07941446248475033,252.51786048613394,0.9132705229564776,488.9292518875107
12,7,4.794902943148016,0.19139436719401154,3.2056805330365092,230.72726297081218,1.1340658255192788,1.064925267574809,0.7956112516234902,2.9339502739200567,0.49996491435436985,328.87908940059083,-2.362308049359292,230.72726297081218
40,9,2.6000281133314185,1e-06,5.473290720436427,157.38129999980214,0.13235528810551758,0.3638066630856527,0.2851110507242792,1.4013881119177622,0.0775707170758321,73.0601190342457,0.9119730478990227,157.38129999980214
