Follower_ID,Run_Index,kv,kp,Error,MSE,RMSE,MAE,MAPE,NRMSE,SSE,R-squared,Total Difference
694,1,4.2127788676243725,-0.04843849490861929,3339.717723209491,110.92431793568409,10.532061428594313,6.028371341533377,9.07054857301991,0.10147592685088086,61452.07213636898,0.7537150621252098,3339.717723209491
1416,1,8.952619996346838,0.6406651545092829,571.3913486103075,12.428997474992808,3.5254783327929853,2.231997455509014,6.515312294695315,0.14945636836070958,3181.823353598159,0.5173124096919339,571.3913486103075
1779,1,9.877492536222947,1.0924678742474887,1475.9097865551291,25.05581709477885,5.0055785974029865,5.271106380554032,9.098151502262114,0.06099269533213887,7015.628786538078,0.9566231664067026,1475.9097865551291
2342,1,7.998749011001823,0.3743861893401983,850.8007618261582,38.81381266221916,6.230073246938527,4.318785593026184,10.16426854688699,0.9371209737756998,7646.321094457175,-23.155416564029846,850.8007618261582
