Follower_ID,Run_Index,kv,kp,S_desired,Error,MSE,RMSE,MAE,MAPE,NRMSE,SSE,R-squared,Total Difference
694,1,5.736521262492513,0.030370761631792736,4.911980158586064,359.50620599437775,0.2866910714369777,0.5354354036081082,0.6489281696649417,0.7988183239827669,0.008393204484075246,317.6537071521713,0.9982546432825508,359.50620599437775
1416,1,6.312588304812851,0.04786546757945234,4.968365938310095,68.70769363334662,0.03697209215287159,0.19228128393806712,0.26838942825526024,0.334313700850711,0.00776041990044604,18.929711182270253,0.9988213397954173,68.70769363334662
1779,1,6.1981978816217564,0.11745052756784816,4.278901897613725,192.89009763132847,0.31845307450510607,0.5643164666258695,0.6888932058261732,0.6423952891542042,0.006860038058062916,178.33372172285942,0.999505842585505,192.89009763132847
2342,1,6.363005017639972,0.010072049413367586,4.142601277105196,25.822406679815654,0.010134488110736774,0.1006701947486781,0.13107820649652616,0.17515808730357368,0.012048156713823128,3.992988315630289,0.9961636167434719,25.822406679815654
