Follower_ID,Run_Index,kv,kp,Error,MSE,RMSE,MAE,MAPE,NRMSE,SSE,R-squared,Total Difference
8,1,0.011263599344872754,4.770406907623164,8231.941899171623,36.96859588225791,6.080180579740861,5.49528831720402,0.7792290442145509,0.04179015717611353,55378.95663162235,0.9537041616979216,8231.941899171623
12,7,0.18198168763022626,4.512555737348219,820.732244262854,10.59004530977112,3.2542349807245206,2.83011118711329,1.521761481038499,0.2517381076963825,3071.1131398336247,-0.678142852878195,820.732244262854
40,9,-0.00941444633031864,4.711335991698032,809.0654554555996,1.9855118553036162,1.409081919301932,1.46569828886884,0.8045220314919805,0.040929843494374854,1096.0025441275961,0.9524281011461389,809.0654554555996
