Follower_ID,Run_Index,kv,kp,S_desired,Error,MSE,RMSE,MAE,MAPE,NRMSE,SSE,R-squared,Total Difference
5366,1,3.3750753566429044,0.5227174973486608,3.5081250947924967,3591.033110037801,11.054120203042164,3.324773707042656,3.3655418088451743,2035360.8808005645,0.014138024747332367,11794.74625664599,0.9956945787010149,3591.033110037801
195,2,3.137680737396119,0.25095646409266376,3.7293297793627254,2822.857020881114,10.872713236975956,3.2973797532246656,3.222439521553783,2.0558054188881667,0.017797914913504825,9524.496795590936,0.9954296864481925,2822.857020881114
286,3,4.0590878445537895,0.0033590402137992676,5.019925863697422,189.0014529637183,0.10797804943409461,0.32860013608349986,0.34679165681416196,1.0284915907638799,0.00720324853850849,58.84803694158157,0.9991811578857076,189.0014529637183
