Follower_ID,Run_Index,kv,kp,Error,MSE,RMSE,MAE,MAPE,NRMSE,SSE,R-squared,Total Difference
5366,1,2.0,1.5,14873.100975015757,162.04159258378002,12.729555867499071,13.939176171523673,12590338.906864071,0.12865670304443985,172898.37928689327,0.5149786181559373,14873.100975015757
195,2,2.0,1.5,11709.868601662853,152.9732026443524,12.368233610518214,13.367429910574032,20.315907462126514,0.16940618894084478,134004.5255164527,0.4341999249816376,11709.868601662853
286,3,2.0,1.5,14854.646703062217,1123.2878696661362,33.51548701221774,27.256232482682968,45.377354892627025,0.2744760934034062,612191.8889680442,0.09211715056485159,14854.646703062217
