Follower_ID,Run_Index,kv,kp,S_desired,Error,MSE,RMSE,MAE,MAPE,NRMSE,SSE,R-squared,Total Difference
5366,1,0.9889439673331865,1.4949723994749007,6.895264779541176,8928.610915837562,74.20552455679186,8.61426285626297,8.367957746801839,inf,0.13077123152351525,79177.29470209691,0.45694989657428675,8928.610915837562
195,2,0.06279062087895901,1.8229098398063768,6.584877710887526,4616.8581862302035,26.909727573316683,5.187458681600913,5.270386057340414,24.7720403714672,0.1837647320647562,23572.921354225415,0.19749006694429283,4616.8581862302035
286,3,0.28306175779285503,1.0821113505142022,6.762485980244829,9509.815089556807,692.8164340597318,26.32140638453295,17.449201999186805,47.36868601762301,0.27714955545130937,377584.9565625538,-0.031191607335484928,9509.815089556807
