Follower_ID,Run_Index,kv,kp,Error,MSE,RMSE,MAE,MAPE,NRMSE,SSE,R-squared,Total Difference
8,1,2.1238885039609703,3.39222394204991,54497.058641202675,1339.2829009685709,36.596214298320135,36.37987893271207,3.932821208767142,0.29717251997532146,2006245.785650919,-1.354419595274607,54497.058641202675
12,7,1.708850070102834,1.6343179924209839,61262.5963259245,53711.03450634777,231.75641200697723,211.25033215836035,29.906886737971966,3.631433284052447,15576200.006840855,-325.71180516377444,61262.5963259245
40,9,1.9523949596562398,2.5111515734967105,6030.902332378136,108.98348504688985,10.439515556140039,10.925547703583579,3.082194613176014,0.1667150592686162,60158.8837458832,0.2310006640441445,6030.902332378136
