Follower_ID,Run_Index,kv,kp,S_desired,Error,MSE,RMSE,MAE,MAPE,NRMSE,SSE,R-squared,Total Difference
694,1,4.7750033278269575,0.1497637245641664,9.680916399545097,6184.306116775507,256.9823223565938,16.030668181850494,11.16300743100272,10.151379005938436,0.11322445553371698,142368.20658555295,0.7212119809129847,6184.306116775507
1416,1,2.537684188075516,0.24547525661125824,9.93885252497742,497.10296342257254,5.104083767768302,2.259221938581578,1.941808450869424,6.399439950087091,0.1272980821051153,1306.6454445486854,0.6303092551409867,497.10296342257254
1779,1,4.902260153328866,0.6585867905396444,7.868293208379756,1318.7333242423113,21.916163673963286,4.681470247044542,4.709761872293969,7.6829045469722095,0.056109859256987735,6136.5258287097195,0.9634561911164445,1318.7333242423113
2342,1,3.898061897993797,0.2127493997019883,9.890825514304865,799.0958174892054,31.59501457146087,5.620944277562344,4.056323946645713,9.831306441701294,0.8917252089137045,6224.217870577791,-20.932939965539855,799.0958174892054
