Follower_ID,Run_Index,Tmax,Alpha,Beta,Wc,Gamma1,Gamma2,Wm,Error,MSE,RMSE,MAE,MAPE,NRMSE,SSE,R-squared,Total Difference
8,1,2.1280587443618604,0.25568361489171815,4.010980036988562,118173.94358401129,0.70455046008254,0.6575991811990113,7.326308633996449,125140693963.45482,5.144405463674946e+16,226812818.50184184,83538513.99429561,17182099.31603306,2687135.789689587,7.706319384585069e+19,-194420076663038.88,125140693963.45482
12,7,3.4691110788153505,0.11678809878411453,5.702905315458473,64329.05635246582,1.1886765234532182,1.591614999841322,6.74829328542686,220878.07103143207,996011.924074416,998.0039699692662,761.6485207980417,194.53567283242546,31.16994831998119,288843457.9815807,-25085.086445493966,220878.07103143207
40,9,5.83403813326332,0.21800434439955793,4.68845283049261,63363.95470090027,1.5441717495004468,1.0119180437114865,2.1055726512704345,595540.6285255809,3208337.5124894734,1791.1832716083168,1078.8779502275017,344.0555974913391,23.982028425883716,1771002306.8941894,-15737.444975891543,595540.6285255809
