Follower_ID,Run_Index,kv,kp,S_desired,Error,MSE,RMSE,MAE,MAPE,NRMSE,SSE,R-squared,Total Difference
8,1,0.5448583215063508,1.0772065403202464,5.120551157568914,16833.56185062565,191.49911464543774,13.83832051390044,11.237357710698031,2.610806512219971,0.14257012021631452,286865.67373886576,0.45447598705926784,16833.56185062565
12,7,3.104874816374584,0.13548095229019447,3.6832244813334496,869.1837897335666,14.243622325700024,3.7740723794993682,2.997185481839885,1.1183188554126435,0.19182878762731134,4130.650474453007,0.034336369148967816,869.1837897335666
40,9,3.6678883560565976,0.13482752860415448,3.328231905842484,1470.3914949412151,9.536635511657853,3.0881443476071277,2.663752708226839,1.2558808278371738,0.06384957652118675,5264.222802435135,0.8857201100308147,1470.3914949412151
