Follower_ID,Run_Index,kv,kp,Error,MSE,RMSE,MAE,MAPE,NRMSE,SSE,R-squared,Total Difference
5366,1,0.8174206258136285,0.39676881454067514,18846.496801340094,362.82358658499953,19.047928669149293,17.663071041555853,10627375.676042685,0.1434180821865033,387132.7668861945,0.4434590777422617,18846.496801340094
195,2,0.29360131374472753,0.9017761528705768,11385.588378439443,148.93517510803798,12.203899995822564,12.99724700735096,30.58627309861721,0.18994922456296653,130467.21339464127,0.2633864961424272,11385.588378439443
286,3,0.032560743077128876,0.9200121586534112,12667.082111401834,860.0894621314699,29.327281874245863,23.242352497985017,42.986396723899325,0.3069894095328023,468748.7568616511,-0.2621335101257585,12667.082111401834
