Follower_ID,Run_Index,Tmax,Alpha,Beta,Wc,Gamma1,Gamma2,Wm,Error,MSE,RMSE,MAE,MAPE,NRMSE,SSE,R-squared,Total Difference
694,1,7.199461529209302,0.22071087769421804,6.772326378075932,93414.5114083672,0.6071482973398119,0.4897498021349591,2.60947024807922,86905.29474734068,45021.905338440745,212.1836594519963,156.86876308184242,110.59413080426263,0.8770246856461523,24942135.55749617,-12.390431231886048,86905.29474734068
1416,1,7.877220218784014,0.06235529343676444,5.967845469447216,61901.375454049354,1.8367366955482483,0.5707074925620825,7.674572272335547,5924.86530801027,735.730712424824,27.12435644259277,23.14400510941512,28.590872894605223,0.40383388640606444,188347.06238075494,-1.5360876096242482,5924.86530801027
1779,1,6.681955656595895,0.21348310910524693,3.9730994797521824,109106.02719495137,1.6855896776068813,0.6685145678650077,3.607027798907251,21612.378956777808,7123.906054736923,84.40323485943487,77.18706770277788,42.20571320466164,0.3421095600832833,1994693.695326338,-0.02218585037690468,21612.378956777808
2342,1,4.224393138567165,0.1025126159356153,6.256407046536499,126057.67209173525,1.6073924778524953,1.3488554796810626,3.3797066384870766,1699.7859748358462,128.19390471357858,11.322274714631268,8.628355202212417,11.804267228589236,0.7992957708373117,25254.199228574984,-15.589184689488436,1699.7859748358462
