Follower_ID,Run_Index,kv,kp,S_desired,Error,MSE,RMSE,MAE,MAPE,NRMSE,SSE,R-squared,Total Difference
694,1,0.9203413879272386,0.014305097327384397,8.806680849050007,5509.353136174362,120.83750914397821,10.99261157068593,9.944680751217259,7.410449740152838,0.06200765938822547,66943.98006576393,0.923207080933337,5509.353136174362
1416,1,0.8656085322246126,0.05486324194872811,4.549677108949485,338.83798789667003,3.344197282360316,1.8287146530720193,1.3235858902213673,4.655543142675508,0.1075198664006133,856.1145042842409,0.7343683068487618,338.83798789667003
1779,1,0.8859921494526317,0.12175014325963177,8.536245532978198,1066.1126639075326,13.82224683030808,3.7178282410983,3.807545228241188,5.282906253542085,0.03168389959645214,3870.2291124862627,0.9894881913486713,1066.1126639075326
2342,1,0.7390415698319375,0.03312095260018828,3.6664310315094135,562.3356389656257,10.738229660836152,3.276923810654766,2.8544956292671353,7.112221981608394,0.576795453290828,2115.431243184722,-8.223726044605836,562.3356389656257
