Follower_ID,Run_Index,kv,kp,S_desired,Error,MSE,RMSE,MAE,MAPE,NRMSE,SSE,R-squared,Total Difference
694,1,8.0,0.02923402995372776,5.642566525069121,279.4861755344554,0.17771217328659838,0.4215592168208381,0.25224384073506806,0.7556464253721094,0.01893480644354251,0.35542434657319677,0.9989163034861586,279.4861755344554
1416,1,8.0,0.04150638200293161,6.1080479220052855,57.88610350741534,0.02620439770019813,0.16187772453366808,0.11305879591292059,0.44983958289594683,0.02179479976915106,0.05240879540039626,0.9991506723586735,57.88610350741534
1779,1,8.0,0.053163313187977054,9.0,163.65211329158177,0.22577663985138202,0.4751595940853789,0.2922359165921103,0.5121104840852136,0.017818333287525908,0.451553279702764,0.9996792037403113,163.65211329158177
2342,1,7.16627476614136,0.008977648864576308,5.4666353682101025,23.796380920072274,0.008153473824202874,0.09029658810942345,0.06039690588850831,0.17814975762113253,0.03352803177323078,0.016306947648405744,0.9966327097767842,23.796380920072274
