Follower_ID,Run_Index,kv,kp,S_desired,Error,MSE,RMSE,MAE,MAPE,NRMSE,SSE,R-squared,Total Difference
8,1,0.363855835532348,0.0008936232543179032,2.4119325117325627,317.10859747375014,0.06705416787101974,0.25894819534227254,0.21168798229222305,0.804120369032493,0.05008669155556527,100.44714347078758,0.9655005463496098,317.10859747375014
12,7,0.3758880518971194,0.014677264010768534,1.2917601229530467,158.4383973896663,0.5208362933716816,0.7216898872588431,0.5463393013436769,2.022354817249442,0.33882154331401043,151.04252507778764,-0.544189078090064,158.4383973896663
40,9,1.3284353374382039,1e-06,2.649962518608896,151.2373040523525,0.12325577029499071,0.3510780116939691,0.2739806232832473,1.340304693922293,0.07485671891129404,68.03718520283488,0.9180249618792987,151.2373040523525
