Follower_ID,Run_Index,kv,kp,S_desired,Error,MSE,RMSE,MAE,MAPE,NRMSE,SSE,R-squared,Total Difference
5366,1,1.0684215389588054,0.14743754184516433,6.814310692511489,305.49240971009334,0.13830538214236904,0.37189431582422583,0.28630966233373323,22.066129197309518,0.04619805165518333,147.57184274590776,0.9609799346803423,305.49240971009334
195,2,0.5291839579694735,1e-06,4.834238160077132,118.48189289884337,0.030855493328657675,0.17565731789099387,0.1352533023959399,5.185612674179514,0.037613986700426955,27.029412155904122,0.9798275566552295,118.48189289884337
286,3,0.7490124376815799,1e-06,6.332016194266512,677.5943977723775,1.7977869120784784,1.34081576365975,1.2432924729768395,49.3916389842337,0.24829921549254633,979.7938670827707,0.3923120413739716,677.5943977723775
