Follower_ID,Run_Index,kv,kp,S_desired,Error,MSE,RMSE,MAE,MAPE,NRMSE,SSE,R-squared,Total Difference
694,1,8.0,0.0301473403995393,5.468964980954876,279.4541838434435,0.17764696930710963,0.421481873046884,0.5044299347354576,0.6055481327782559,0.0066119539416565586,196.83284199227748,0.998916656208866,279.4541838434435
1416,1,7.376681592279775,0.04551751142237967,5.42490888740737,61.27089784276839,0.029345932384269115,0.17130654507131102,0.23933944469831403,0.29810775517081733,0.006933596567619192,15.025117380745787,0.9990583383450001,61.27089784276839
1779,1,6.875968863269553,0.08006992309254178,6.161284871602759,180.68085258567902,0.28330752843135915,0.5322664073857744,0.645288759234568,0.5890350655128245,0.0063172605467015745,158.65221592156115,0.9995841945457931,180.68085258567902
2342,1,8.0,0.009831060607822018,5.100812748559146,22.09273325733036,0.006999392244169074,0.08366237053878568,0.11214585409812364,0.1556282309060134,0.010693183353936184,2.757760544202615,0.9969607463410233,22.09273325733036
