Follower_ID,Run_Index,kv,kp,Error,MSE,RMSE,MAE,MAPE,NRMSE,SSE,R-squared,Total Difference
8,1,5.0,0.1,31912.735950214643,568.6717875915139,23.846840201408526,21.303562049542485,1.0953040683103987,0.04812491838093495,851870.3378120877,0.9438309905649278,31912.735950214643
12,7,4.671635481129899,0.19282695960122592,736.574305827296,13.47195315022729,3.6704159369514633,2.5399113994044695,1.135787068056709,0.20380111582829993,3906.8664135659137,-0.09237357773377691,736.574305827296
40,9,5.0,0.1,1947.2859583032039,15.555067739553069,3.943991346282731,3.527691953447833,0.9299011682496412,0.04323846835110241,8586.397392233293,0.9496044709311865,1947.2859583032039
