Follower_ID,Run_Index,kv,kp,S_desired,Error,MSE,RMSE,MAE,MAPE,NRMSE,SSE,R-squared,Total Difference
5366,1,0.9677147838097214,0.1605008685099514,9.998798840242502,222.57946973872794,0.10687606555550386,0.3269190504628078,0.25672372518884423,24.587192152102503,0.04061106216929289,92.66154883662185,0.9728425744303185,222.57946973872794
195,2,0.5039896712736309,0.005145163422058015,11.308947279310116,99.18423753203483,0.035487660280736355,0.18838168775317932,0.146722244869874,5.732328881481841,0.04033869116770435,23.989658349777777,0.9802058070695516,99.18423753203483
286,3,0.6673002907185784,0.08338233848150861,10.087065157534083,55.2024483789192,0.042527693052089824,0.20622243586014066,0.16000709675049044,3.6523391534248923,0.07444853280149484,14.67205410297099,0.9398601212684656,55.2024483789192
