Follower_ID,Run_Index,kv,kp,S_desired,Error,MSE,RMSE,MAE,MAPE,NRMSE,SSE,R-squared,Total Difference
8,1,2.966944657265816,1e-09,2.630288926453033,598.8559365508806,0.08783666987981593,0.2963725187661905,0.39977031812475344,0.11682813554154016,0.00573725372483729,263.15866295992856,0.9991111410495337,598.8559365508806
12,7,3.447390018314645,1e-09,2.57975052766137,52.30262110579203,0.012624172388407252,0.1123573423876128,0.1803538658820415,0.116023624758885,0.017862012594381884,7.322019985276206,0.9915031171095398,52.30262110579203
40,9,3.3834074453923613,1e-09,2.3811755897056504,196.6532266034148,0.08533917250292676,0.29212869168044203,0.3562558452960413,0.24739633688170226,0.010657278053265579,94.21444644323114,0.996787794886042,196.6532266034148
