Follower_ID,Run_Index,Tmax,Alpha,Beta,Wc,Gamma1,Gamma2,Wm,Error,MSE,RMSE,MAE,MAPE,NRMSE,SSE,R-squared,Total Difference
8,1,7.812968450590413,0.3082078170234304,5.643213226698906,74293.04467261134,1.2983331174700108,1.3061994973820135,4.4315718946262255,72606337.53988723,10970538999.096296,104740.34083912605,48468.85016013835,6336.907795134239,731.6159260962363,16433867420646.254,-14197698.993285384,72606337.53988723
12,7,4.052436784013593,0.10163002641980287,7.0162302674919275,112714.59383601761,0.6760741966130476,0.3951063366153678,4.439535565543442,46174.657238697604,38967.3532251243,197.40150259084731,159.22295599550898,34.33874002251312,4.70350547837942,11300532.435286049,-562.8630330194361,46174.657238697604
40,9,6.186793973131517,0.5915585608902524,4.852616998890738,95716.57608230432,1.7714066741600794,1.2013579789892443,4.968091152615818,78826.04189594544,39741.547358929645,199.3528212966389,142.80080053613304,31.274603561437303,1.6080743802860176,21937334.142129164,-66.65921662876484,78826.04189594544
