Follower_ID,Run_Index,kv,kp,S_desired,Error,MSE,RMSE,MAE,MAPE,NRMSE,SSE,R-squared,Total Difference
8,1,8.0,1e-05,5.0,165.4020354363532,0.006277961968156293,0.07923359116029194,0.05520762197475073,0.034952113777430155,0.00767287317987132,0.012555923936312585,0.9998669820393526,165.4020354363532
12,7,7.228075910515915,1e-05,5.0,21.48821116023883,0.002041729209791075,0.045185497781822376,0.03704863993144626,0.05521154210870604,0.010636113582858679,0.00408345841958215,0.9979625760780099,21.48821116023883
40,9,7.9207211729390785,1e-05,5.0,67.19799850042654,0.008735678188888506,0.0934648500180068,0.0608677522648791,0.09124118201812162,0.010006322515218147,0.01747135637777701,0.9993571377969256,67.19799850042654
