Follower_ID,Run_Index,kv,kp,S_desired,Error,MSE,RMSE,MAE,MAPE,NRMSE,SSE,R-squared,Total Difference
8,1,7.27510673607812,1e-05,5.0441150704124444,190.85120471015426,0.008443734120677475,0.09188979334331683,0.12740400848474917,0.04508634464232151,0.0024243448083464993,25.29742742554971,0.9998404899110316,190.85120471015426
12,7,8.0,1e-05,5.0,18.72566788014493,0.0015444313506895845,0.03929925381848343,0.06457126855222389,0.050470291447465454,0.007913134264822281,0.8957701833999591,0.9983275807321847,18.72566788014493
40,9,6.689111960954024,1e-05,5.393503010809192,85.15841167864997,0.01457657038020876,0.12073346835160813,0.15427248492509055,0.12483717005174552,0.005591016382319288,16.092533699750472,0.9991090702669575,85.15841167864997
