Follower_ID,Run_Index,kv,kp,Error,MSE,RMSE,MAE,MAPE,NRMSE,SSE,R-squared,Total Difference
694,1,5.0,0.1,6716.810389249467,255.0688602350865,15.97087537472779,12.124206478789652,9.630346674301007,0.09702376164919438,141308.14857023794,0.8063386578987005,6716.810389249467
1416,1,2.5452389518266596,0.1734718311031814,494.33093300488963,9.370535213476273,3.061132995065107,1.9309802070503501,5.8763690987387855,0.13933083383261732,2398.857014649926,0.5742876314911657,494.33093300488963
1779,1,4.2466728501105315,0.5269820306022068,1049.5456518481806,13.17640444920722,3.629931741673281,3.748377328029216,7.327041854583772,0.04151869355744236,3689.393245778022,0.9802510700879088,1049.5456518481806
2342,1,3.6685265026900415,0.1701339061466824,811.0540289231071,33.971338978622036,5.828493714384707,4.117025527528463,9.796332753985855,0.8937372671513444,6692.353778788542,-20.993100668485106,811.0540289231071
