Follower_ID,Run_Index,kv,kp,S_desired,Error,MSE,RMSE,MAE,MAPE,NRMSE,SSE,R-squared,Total Difference
5366,1,1.0979570412908113,0.1320902762309722,4.509085385342574,318.54461153797456,0.14666840867916278,0.3829731174366718,0.2985422788547091,22.618917321587215,0.04757430030269214,156.49519206066668,0.9586204759472048,318.54461153797456
195,2,0.5252199337228203,1e-06,3.676575982162712,120.10996124857263,0.03040654083035013,0.17437471385023154,0.1371118279093295,5.2014365802153835,0.037339339154225167,26.636129767386716,0.9801210690207631,120.10996124857263
286,3,0.13607879059106054,1e-06,4.078537273997366,676.5968283369721,1.922206995588808,1.3864367982669847,1.241462070343068,45.44273590279692,0.25674755523462683,1047.6028125959003,0.3502555629045301,676.5968283369721
