Follower_ID,Run_Index,kv,kp,Error,MSE,RMSE,MAE,MAPE,NRMSE,SSE,R-squared,Total Difference
694,1,5.837366523258257,-0.08745830560774076,3595.810724248553,107.82562519709529,10.383911844632316,6.4906330762609254,9.860693458153857,0.11116276705945716,59735.39635919079,0.6963878555920888,3595.810724248553
1416,1,6.23230978065966,0.4422612028926805,558.2987698606341,11.871868916688225,3.4455578527559547,2.180854569768102,6.406606200633788,0.14778878583747618,3039.1984426721856,0.5268517985605492,558.2987698606341
1779,1,5.818763505441357,0.581716472119282,1835.7745681304655,40.57842587852993,6.370119769559277,6.55633774332309,10.43910918209178,0.07639598708319062,11361.959245988379,0.932243666023763,1835.7745681304655
2342,1,5.8588665690513375,0.27332832363597254,839.5645173507742,37.380488566591936,6.113958502197405,4.261748819039463,10.081042599459174,0.9281944382845253,7363.956247618611,-22.709105182412745,839.5645173507742
