Follower_ID,Run_Index,kv,kp,S_desired,Error,MSE,RMSE,MAE,MAPE,NRMSE,SSE,R-squared,Total Difference
5366,1,6.983736334817591,7.4232040825176755,2.7106432781463212,3748.1934682765286,9.669266473409648,3.109544415731933,3.5128336160042446,2516604.580224186,0.11111412396038389,10317.107327128093,0.559611843095672,3748.1934682765286
195,2,6.631221375278819,4.960497115947317,2.8683541451854757,2446.577299739778,5.386944941367933,2.320979306535914,2.792896460890158,20.034677410297434,0.13979319801511017,4718.9637686383085,0.5042151854047457,2446.577299739778
286,3,8.136616797505232,7.353273276950278,2.837456109783567,1769.9784632747394,7.936551585741636,2.8171885960548746,3.2476669050912648,20.487529358698175,0.14787060829239837,4325.420614229191,0.555574117646195,1769.9784632747394
