Follower_ID,Run_Index,kv,kp,S_desired,Error,MSE,RMSE,MAE,MAPE,NRMSE,SSE,R-squared,Total Difference
694,1,7.7007384597291875,0.40280259977308125,2.9912845875987895,1078.5098940921953,4.444901830419468,2.1082935825969464,1.9467687618992693,1.0707089458732797,0.00901937710462139,2462.475614052385,0.9985611210365126,1078.5098940921953
1416,1,9.51932617345997,0.34479705357849366,2.9911259848843823,215.07626278288456,0.8810100390514745,0.9386213502001084,0.8401416514956428,0.9941414185052656,0.014156641409786213,225.53856999717746,0.9968678212515127,215.07626278288456
1779,1,8.761768659904213,0.34711973773505,2.999412290447198,288.37683009545066,1.040573157951708,1.0200848778173843,1.029917250340895,0.6691819294794827,0.00718528761237684,291.3604842264782,0.9994922900407496,288.37683009545066
2342,1,8.97304994520077,0.9735964568651734,2.785985644575692,337.50536894696165,3.0978712070572803,1.7600770457730766,1.7132252230810234,1.1178677695252575,0.05994682924667133,610.2806277902843,0.9166045157776689,337.50536894696165
