Follower_ID,Run_Index,kv,kp,S_desired,Error,MSE,RMSE,MAE,MAPE,NRMSE,SSE,R-squared,Total Difference
8,1,0.364185929545596,0.0008728700347008234,8.761801017200542,313.91882989128527,0.06634973395005837,0.2575844210158261,0.20955863143610498,0.7944587469993667,0.04982290541892186,99.39190145718744,0.9658629784873513,313.91882989128527
12,7,0.6727675694106817,0.026685572200994212,1.8763072614172953,189.67828596872442,0.7793365144393043,0.8828003819886489,0.654063055064567,2.4145753872076745,0.41446027323410695,226.00758918739825,-1.310597301050883,189.67828596872442
40,9,0.9564595476240431,0.1625011655961647,11.395032882566946,141.81234097431093,0.11374904762531404,0.3372670271836754,0.25690641480853427,1.2545555773419415,0.07191194609460028,62.78947428917335,0.9243476999659987,141.81234097431093
