Follower_ID,Run_Index,kv,kp,Error,MSE,RMSE,MAE,MAPE,NRMSE,SSE,R-squared,Total Difference
694,1,9.898862678801061,-0.11776170937998715,3546.869594726547,110.1821374693479,10.49676795348682,6.402291687232033,9.596621369085781,0.10440694897451838,61040.904158018726,0.7370838749488235,3546.869594726547
1416,1,10.038591146043306,0.7202770064606393,574.7630339565587,12.587730447506372,3.547919171501286,2.2451681013928075,6.542308328201485,0.1498684692001813,3222.4589945616312,0.5150181599398154,574.7630339565587
1779,1,9.289287095077023,1.0265934778414922,1476.0906084045819,25.060335816696586,5.00602994564521,5.271752172873507,9.097906228889977,0.060981102282874,7016.894028675045,0.9566429729765206,1476.0906084045819
2342,1,10.25058955042061,0.47994486594974006,857.3685243052512,39.54748970287479,6.288679488006587,4.352124488859143,10.214642018367247,0.9423991385237409,7790.855471466334,-23.423380099253308,857.3685243052512
