Follower_ID,Run_Index,kv,kp,S_desired,Error,MSE,RMSE,MAE,MAPE,NRMSE,SSE,R-squared,Total Difference
8,1,5.4435871491392875,2.6631621313052243,2.9264949083060126,4376.264253125435,8.420896047453857,2.9018780207744532,2.9214047083614387,0.13888379884242474,0.012434874616517504,12614.50227908588,0.995991661530724,4376.264253125435
12,7,6.336388016303331,0.018524756734150882,4.085005121069924,62.16958533353689,0.05260834686356305,0.22936509512906067,0.21437788046047201,0.07215388842825274,0.010221429255595044,15.256420590433285,0.997268286527554,62.16958533353689
40,9,5.310861612033042,1.9913761812939201,2.7022885567270514,1468.3710063965507,6.813266489159933,2.6102234557906976,2.660092402892302,0.3851168999343062,0.019915134086365253,3760.923102016283,0.989689487659621,1468.3710063965507
