Follower_ID,Run_Index,kv,kp,S_desired,Error,MSE,RMSE,MAE,MAPE,NRMSE,SSE,R-squared,Total Difference
8,1,3.570422482889802,0.18729865922704944,3.53123971858271,4738.3288851304615,10.478078983767922,3.236986095701976,3.1631033946131253,0.16042229696542998,0.006614242716093191,15696.16231768435,0.9989373470385281,4738.3288851304615
12,7,4.217997273414519,1e-05,4.847220243337846,41.68205621871164,0.01585240189639359,0.12590632190797088,0.14373122834038496,0.09408111558866705,0.01473752312395258,4.597196549954141,0.9942127171595212,41.68205621871164
40,9,3.652248431962706,0.04043122481388439,3.9750452391101723,690.0217850636504,1.6705134130128634,1.292483428525435,1.250039465695019,0.25627670325390683,0.010971745501161013,922.1234039831006,0.9968326128829251,690.0217850636504
