Follower_ID,Run_Index,kv,kp,S_desired,Error,MSE,RMSE,MAE,MAPE,NRMSE,SSE,R-squared,Total Difference
694,1,9.838899896084857,1.8764737514366503,1.6305154917522846,859.2999626563117,2.4261272462729346,1.5576030451539746,1.551082965083595,0.8696923631312807,0.007423975428468738,1344.0744944352057,0.9989760013707247,859.2999626563117
1416,1,10.127912817406976,0.08940361364720624,3.021762330684948,49.012399513905365,0.03749228474700932,0.19362924558808084,0.19145468560119283,0.38882980155266644,0.005687484483598451,9.598024895234387,0.9993616438671853,49.012399513905365
1779,1,9.87825694455618,0.18144951763282557,2.855858474338072,154.81097667645832,0.42641553989474346,0.653005007557173,0.5528963452730654,0.4786427767360789,0.005826349885768377,119.39635117052818,0.9996392425829186,154.81097667645832
2342,1,9.675354019243562,0.01906970438252767,2.6124696658930917,19.639700942841163,0.011034401862696141,0.10504476123394323,0.09969391341543737,0.15983436282528704,0.01007345901847284,2.17377716695114,0.9972897345215108,19.639700942841163
