Follower_ID,Run_Index,kv,kp,S_desired,Error,MSE,RMSE,MAE,MAPE,NRMSE,SSE,R-squared,Total Difference
8,1,0.41326775456836556,0.0003898086530884637,3.8103826907412577,314.0532726528095,0.06864124339090141,0.2619947392427974,0.20964837960801702,0.7921909284044192,0.050675965037291555,102.82458259957032,0.9646839939998268,314.0532726528095
12,7,1.0196262416684498,0.04078967860114407,3.2366117997857353,206.51248561626653,0.9332628940567237,0.9660553266023244,0.7121120193664363,2.625988916581539,0.4535471016912316,270.6462392764499,-1.766962261135455,206.51248561626653
40,9,1.3484102420817083,1e-06,4.146998094863955,151.56762373942135,0.12315473680467229,0.3509340918244796,0.27457902851344446,1.3437617346471409,0.07482603237195724,67.9814147161791,0.9180921573071517,151.56762373942135
