Follower_ID,Run_Index,kv,kp,Error,MSE,RMSE,MAE,MAPE,NRMSE,SSE,R-squared,Total Difference
8,1,6.199376559225851,0.005302661912532106,6118.664746998372,22.439150594025747,4.736998057211523,4.084555905873413,0.7664468763917774,0.041994205518665645,33613.84758985057,0.9528598331258444,6118.664746998372
12,7,5.930909234202967,0.23887779589102484,827.274650457602,10.869386232636714,3.2968752224851814,2.852671208474489,1.531851707675471,0.2530652256122667,3152.122007464647,-0.6956494763626122,827.274650457602
40,9,6.189970452730056,0.005207767903875858,528.5036421273962,0.8447333804628072,0.9190937821913535,0.9574341342887612,0.800987702767658,0.041449967766658456,466.29282601546953,0.9506344775647946,528.5036421273962
