Follower_ID,Run_Index,kv,kp,Error,MSE,RMSE,MAE,MAPE,NRMSE,SSE,R-squared,Total Difference
5366,1,7.592068920163642,9.950302722406665,14360.987179868865,174.8135734452971,13.221708416286342,13.45921947504111,inf,0.14301589921366725,186526.082866132,0.3913010175073661,14360.987179868865
195,2,2.813980791255046,9.876709683637843,10572.39380081417,119.91741617644546,10.950681082765833,12.068942694993344,26.227766816759505,0.18638466390442304,105047.65657056622,0.2748771909510876,10572.39380081417
286,3,1.6517326939643096,7.158874804450012,13522.958559012128,986.2865219945011,31.405198964415128,24.81276799818739,47.34076406761145,0.3162376385360884,537526.1544870031,-0.3178695615462472,13522.958559012128
