Follower_ID,Run_Index,kv,kp,Error,MSE,RMSE,MAE,MAPE,NRMSE,SSE,R-squared,Total Difference
694,1,0.9280767163884336,-0.009880395312638266,3329.338425842391,45.818026249078144,6.768901406364119,6.009636147729948,6.619973018648987,0.05496439389913203,25383.186541989293,0.9312206735015613,3329.338425842391
1416,1,0.5558043035665646,0.028417979991674946,258.3017433550023,1.5354569383030026,1.2391355609064743,1.0089911849804778,3.721080971755623,0.08497046954868834,393.07697620556866,0.8300379685880361,258.3017433550023
1779,1,0.6949434379209158,0.08057924253469209,1470.4674642098705,29.733793509060668,5.452870208345387,5.251669515035252,7.416816677869702,0.042774743277294365,8325.462182536987,0.9813542983882326,1470.4674642098705
2342,1,0.8159876877223313,0.03623030361131802,573.9396943918481,11.698673296405445,3.4203323371282863,2.9133994639180107,7.220034114410129,0.5903176528990001,2304.638639391873,-8.652187417665923,573.9396943918481
