Follower_ID,Run_Index,kv,kp,S_desired,Error,MSE,RMSE,MAE,MAPE,NRMSE,SSE,R-squared,Total Difference
5366,1,0.9043689200482736,0.1725422693436217,9.964967727766862,222.98419553569397,0.10922107872370874,0.33048612485807743,0.25719053695005073,24.128594870129767,0.0410541770010034,94.69467525345549,0.9722467018161421,222.98419553569397
195,2,0.48847431406180575,0.0038639950364216247,8.866810438616566,101.39963609307321,0.03749583584297963,0.19363841520467892,0.1499994616761438,5.883974437244571,0.041464328737618614,25.34718502985423,0.9790856933679777,101.39963609307321
286,3,0.6600389555619636,0.08268310958809487,10.096609031419437,55.19980357130147,0.04252268895110542,0.20621030272783517,0.15999943064145355,3.653369976005726,0.07444415260932678,14.67032768813137,0.9398671977404011,55.19980357130147
