Follower_ID,Run_Index,kv,kp,Error,MSE,RMSE,MAE,MAPE,NRMSE,SSE,R-squared,Total Difference
8,1,0.2176889365543459,0.7984127518189613,29342.955866976266,477.54582400336704,21.852821877354124,19.5880880286891,4.367731954539387,0.23288409610541994,715363.6443570438,-0.4567821012208752,29342.955866976266
12,7,0.8788727543469239,0.03644584392771896,772.2798248347437,12.112728101613406,3.4803344812838617,2.663033878740496,1.11432048156301,0.18567302796929686,3512.691149467888,0.09420164398171998,772.2798248347437
40,9,0.7436521767350963,0.002441649218667104,1088.1456270343733,4.977327531165757,2.2309924991280803,1.9712783098448794,0.822569356302743,0.04163324852920119,2747.484797203498,0.9516440341699313,1088.1456270343733
