Follower_ID,Run_Index,kv,kp,Error,MSE,RMSE,MAE,MAPE,NRMSE,SSE,R-squared,Total Difference
5366,1,1.688721838944042,3.602140603114364,15306.556508867237,227.5101047068756,15.083438093050125,14.345413785255143,inf,0.15532191251778693,242753.28172223625,0.29000101312049076,15306.556508867237
195,2,1.802251803909623,3.8120701617440402,10967.042877127606,132.08421323729996,11.49278961946576,12.519455339186765,23.21613144178325,0.1810494873597451,115705.77079587478,0.32872320927272036,10967.042877127606
286,3,1.9591021317429025,2.655321660309588,14135.14989846317,1034.0233640023648,32.1562336725302,25.936054859565452,46.829151457838435,0.29305392618434173,563542.7333812888,-0.08444351505046432,14135.14989846317
