Follower_ID,Run_Index,kv,kp,S_desired,Error,MSE,RMSE,MAE,MAPE,NRMSE,SSE,R-squared,Total Difference
694,1,2.8943857848099177,0.026022569640326745,5.20509912456478,631.900169878672,1.7438657137739288,1.3205550779024435,1.1406140250517547,1.8228327592285163,0.014942752222844474,966.1016054307565,0.994441064563412,631.900169878672
1416,1,2.4529659499698644,0.03822056727048104,5.384771440653503,149.04153365721263,0.346085781292722,0.5882905585616023,0.5821934908484868,1.2082789109264234,0.017325374316817552,88.59796001093683,0.9940719391322497,149.04153365721263
1779,1,3.214348288254079,0.07717167042557602,6.006049455130204,329.7922419798472,1.8311973819260727,1.3532174185717802,1.1778294356423114,1.1590155448726178,0.011890856628667646,512.7352669393003,0.9985047235993301,329.7922419798472
2342,1,2.9032510783511007,0.008206207182440889,5.24788470058114,49.11899575884286,0.06795902070578326,0.2606895101567826,0.2493350038519942,0.36077499271519403,0.022249667480987074,13.387927079039303,0.9869064804192862,49.11899575884286
