Follower_ID,Run_Index,kv,kp,Error,MSE,RMSE,MAE,MAPE,NRMSE,SSE,R-squared,Total Difference
8,1,10.134721750137496,0.012135965443018218,6336.875355485043,23.796983443999157,4.878215190415359,4.230223868815115,0.779463305785446,0.04269247595830191,35647.881199110736,0.9512973014197601,6336.875355485043
12,7,9.315061392526037,0.3760438980875824,826.7598641970125,10.890373970922237,3.300056661774497,2.8508960834379744,1.5339522566875956,0.2541227765318664,3158.2084515674487,-0.7099487760136507,826.7598641970125
40,9,8.987499452551944,0.0004218743484373927,570.0935656371889,1.003526378560693,1.0017616375968352,1.032778198618096,0.8099382873178056,0.041753330865298435,553.9465609655025,0.9499990721768603,570.0935656371889
