Follower_ID,Run_Index,kv,kp,S_desired,Error,MSE,RMSE,MAE,MAPE,NRMSE,SSE,R-squared,Total Difference
8,1,8.0,1e-05,5.003267354025678,165.40208503385793,0.012555939698726568,0.11205328954888637,0.11041527705865015,0.040514249671460216,0.002213035825207488,18.8087976686924,0.999866982037644,165.40208503385793
12,7,7.454995214575554,1e-05,5.0,20.617368677208873,0.0037540782328857394,0.06127053315326821,0.0710943747489961,0.054204758173903377,0.008476580937107845,1.0886826875368645,0.9980815692251351,20.617368677208873
40,9,7.070436978680733,1e-05,5.0,78.9300521856602,0.024758394288490113,0.1573480037639185,0.14298922497402208,0.1178155258607883,0.005298011491722938,13.666633647246542,0.9991993664755543,78.9300521856602
