Follower_ID,Run_Index,kv,kp,S_desired,Error,MSE,RMSE,MAE,MAPE,NRMSE,SSE,R-squared,Total Difference
5366,1,2.3042043396375873,0.3010265176849464,6.034470978607598,354.8846376546687,0.17587482238331914,0.41937432251309703,0.33260041017307285,26.774730505397294,0.05209618913206174,187.6584354830015,0.9503804772368436,354.8846376546687
195,2,2.4828761864544027,0.0002510382938162442,4.877357495442792,237.8482463949703,0.11437884084123859,0.33819940987712943,0.27151626300795695,10.895359837878518,0.07241957384949238,100.195864576925,0.9252223692509411,237.8482463949703
286,3,4.411925034281356,1e-06,5.991886337923695,685.8110174106298,1.8504761714199216,1.3603220837066203,1.2583688392855592,50.924143273407054,0.2519114969827075,1008.5095134238572,0.3745020171516341,685.8110174106298
