Follower_ID,Run_Index,kv,kp,S_desired,Error,MSE,RMSE,MAE,MAPE,NRMSE,SSE,R-squared,Total Difference
8,1,0.0461790144295484,0.8614507778873134,8.362134677678153,27055.1585722143,389.5242917323855,19.736369770866816,18.060853519502203,4.278206952523048,0.22814429024243954,583507.3890151135,-0.4007080719566716,27055.1585722143
12,7,0.811723858238653,0.03503155578791854,8.698497260697717,845.4140571389274,13.870705210690085,3.72433956704945,2.915220886685957,1.1990542140009428,0.19629678941398337,4022.5045111001245,-0.012111795511221213,845.4140571389274
40,9,0.897062221869141,0.01005509683453542,8.944260122784511,998.6697606257558,3.591940822024851,1.8952416262906562,1.8091843489597026,0.7797955129655562,0.03963534859430503,1982.7513337577177,0.955940585073674,998.6697606257558
