Follower_ID,Run_Index,kv,kp,S_desired,Error,MSE,RMSE,MAE,MAPE,NRMSE,SSE,R-squared,Total Difference
8,1,0.35415744023910045,0.0001313371096002408,5.619416129092878,317.6358341819644,0.06850568134422672,0.26173589999124447,0.21203994271159174,0.7986501102907655,0.050625899418035664,102.62151065365161,0.9647537408432296,317.6358341819644
12,7,0.4724139010905949,0.01868409670197973,4.096076946932586,174.92286740137212,0.6484995018636339,0.8052946677233334,0.6031823013840418,2.230416130231666,0.37807261395461617,188.06485554045383,-0.9226883008516513,174.92286740137212
40,9,1.3175778896757406,1e-06,5.481395836685712,151.5880130181749,0.12311454289965976,0.3508768201230451,0.2746159656126357,1.3436262256070175,0.07481382092175799,67.95922768061219,0.9181188894989812,151.5880130181749
