Follower_ID,Run_Index,kv,kp,S_desired,Error,MSE,RMSE,MAE,MAPE,NRMSE,SSE,R-squared,Total Difference
694,1,3.804631778756294,0.031279116737930546,4.465898116183603,501.1674509595517,1.1038781546919567,1.050656059180147,0.9046343880136312,1.428974958542604,0.011753649751707682,611.548497699344,0.99656981321419,501.1674509595517
1416,1,3.656714918921834,0.045329047125361496,4.7460612577862715,106.17791695409846,0.17596364562152594,0.41948020885558585,0.4147574881019471,0.8403924288277921,0.012137509050241994,45.04669327911064,0.9971052526017148,106.17791695409846
1779,1,3.831543628546831,0.09653077000242326,4.884640493902456,287.53133115089327,1.3960714345909024,1.1815546684732376,1.0268976112531902,0.9998527214625408,0.010496351613845933,390.9000016854527,0.9988307904144219,287.53133115089327
2342,1,3.9993024387807297,0.011663742612437814,4.728336561041671,38.231967264932095,0.037508279947888745,0.19367054486392282,0.19407089982199033,0.2768647925149166,0.01701651317514594,7.389131149734082,0.9923219332682658,38.231967264932095
