Follower_ID,Run_Index,kv,kp,S_desired,Error,MSE,RMSE,MAE,MAPE,NRMSE,SSE,R-squared,Total Difference
694,1,6.920278074573466,0.023594559887157394,6.616609421022234,311.7436151263821,0.4336797446836318,0.6585436543492252,0.5627141067263215,0.6823783963891904,0.007305175341631573,240.25857855473203,0.9986775771392182,311.7436151263821
1416,1,7.189617276697775,0.04321026036850979,5.779208630685244,62.46578794276541,0.06173839879053342,0.24847212880026087,0.24400698415142738,0.3051390522103565,0.007109466148604235,15.805030090376556,0.9990100353590591,62.46578794276541
1779,1,6.024163124824286,0.09922449602921893,5.0,198.26038496123425,0.6794553526281673,0.8242908179933629,0.7080728034329795,0.6594827179755162,0.007043117006769519,190.2474987358868,0.9994801258155837,198.26038496123425
2342,1,8.0,0.011900759256836993,5.0,22.42969161198221,0.01327592303549404,0.11522119178126063,0.11385630259889445,0.15661595410823542,0.01072322256819679,2.615356837992326,0.9969362207074103,22.42969161198221
