Follower_ID,Run_Index,kv,kp,S_desired,Error,MSE,RMSE,MAE,MAPE,NRMSE,SSE,R-squared,Total Difference
5366,1,2.684924371168913,0.007357164364481472,5.715047855198417,871.9889238739113,0.6569248574340012,0.8105090113218983,0.8172342304347809,1751134.1968350876,0.012529695169857373,700.9388228820793,0.9950289080277483,871.9889238739113
195,2,2.5470050316676245,0.0026136073057684978,5.426406437748442,449.77166674361007,0.3140248797800296,0.5603792285408423,0.5134379757347147,1.6768133755624544,0.01149094758332722,275.0857946873059,0.9968898981409506,449.77166674361007
286,3,2.878039818542769,0.003947709287318753,5.566761599400846,281.0140957828063,0.2468263802607381,0.49681624395820445,0.5156221940968924,1.4374955106233502,0.010010585399275287,134.52037724210226,0.9984497960149008,281.0140957828063
