Follower_ID,Run_Index,kv,kp,S_desired,Error,MSE,RMSE,MAE,MAPE,NRMSE,SSE,R-squared,Total Difference
5366,1,8.0,0.004326003709278561,5.92906583808274,253.12118428060737,0.025496205150463323,0.15967531164980803,0.11861348841640457,903.8640678637776,0.010098861676128541,0.050992410300926654,0.9985744276301007,253.12118428060737
195,2,8.0,0.0009314536153459674,9.0,134.84121119616697,0.01038936516080331,0.10192823534626365,0.07696416164164782,1.2098729878326007,0.011114781603887675,0.02077873032160662,0.9985070758653701,134.84121119616697
286,3,8.0,0.0008787432888004193,7.667870730392729,77.56966740666195,0.008534710552440214,0.09238349718667406,0.07116483248317611,0.5270081918441945,0.008787119047755126,0.01706942110488043,0.9997716547496591,77.56966740666195
