Follower_ID,Run_Index,kv,kp,S_desired,Error,MSE,RMSE,MAE,MAPE,NRMSE,SSE,R-squared,Total Difference
8,1,9.919836955418608,-0.005168451655619799,2.169726613182932,161.64866775731602,0.012306909691078434,0.11093651198355947,0.1079096580489426,0.029181667258567953,0.0018100148819200621,18.435750717235493,0.999911263565241,161.64866775731602
12,7,9.882748043876528,1.5390516732366102,1.7084468113033573,407.75951554612976,1.9932006562155442,1.41180758469968,1.4060672949866544,0.1720654877187742,0.02258663330389474,578.0281903025078,0.9873394883502326,407.75951554612976
40,9,10.145087064288244,-0.0005412358880706042,3.1311867007048573,44.000196568393946,0.007048276531013515,0.08395401438295559,0.07971050102969918,0.07062098139459556,0.0037242159277879167,3.89064864511946,0.9996016307352454,44.000196568393946
