Follower_ID,Run_Index,Tmax,Alpha,Beta,Wc,Gamma1,Gamma2,Wm,Error,MSE,RMSE,MAE,MAPE,NRMSE,SSE,R-squared,Total Difference
694,1,7.240698608758871,0.008024764737756328,5.685734321607161,101381.78663464985,1.051336165385216,1.2601235238760211,2.341047075827678,134464.1428764682,152626.0102334718,390.6737900518434,242.7150593438054,224.06361638904673,2.4494325653285713,84554809.66934338,-123.93703836243151,134464.1428764682
1416,1,4.135642567465176,0.23165569913923734,4.350012064553767,121232.0906282404,1.3192615751495544,1.6035402249354973,5.701437612073859,4466.064387961035,537.8860388217823,23.192370271746316,17.445564015472794,32.74386268705164,0.6111151655777473,137698.82593837628,-6.136260374056672,4466.064387961035
1779,1,7.754699881751175,0.319548001038041,7.533333950555906,121608.12536974961,1.1941815390305435,0.847021736881113,6.792148654967635,92859.48367007257,169847.5789830077,412.12568347896945,331.64101310740205,458.09091522502086,2.501398546818563,47557322.11524216,-57.66293158318986,92859.48367007257
2342,1,7.7618396915730825,0.47912420492405144,5.124388012774015,80459.11209452608,0.6777873476601329,1.0597468416741969,3.621488487121929,11371.10730948064,5013.949201467213,70.80924516944954,57.72135690091695,68.75975528164781,4.4624189758205555,987747.992689041,-509.53264785581047,11371.10730948064
