Follower_ID,Run_Index,kv,kp,S_desired,Error,MSE,RMSE,MAE,MAPE,NRMSE,SSE,R-squared,Total Difference
10,1,0.8408526300505378,1e-06,3.4052007449242434,690.4842878106251,0.32995586807146426,0.5744178514561192,0.3090798065401187,46.8363595521832,0.07868737691179715,737.1214092716511,0.9315992608491221,690.4842878106251
