Follower_ID,Run_Index,kv,kp,S_desired,Error,MSE,RMSE,MAE,MAPE,NRMSE,SSE,R-squared,Total Difference
5,1,0.6036157643128074,1e-06,4.504054570059724,36.717207716381054,0.04082198401024721,0.20204450997304335,0.14805325692089136,33.526257562831255,0.01346963399820289,10.123852034541308,0.9985415989222989,36.717207716381054
