Follower_ID,Run_Index,kv,kp,S_desired,Error,MSE,RMSE,MAE,MAPE,NRMSE,SSE,R-squared,Total Difference
2,1,1.4783296904627505,0.07853953472863337,2.8527923534361976,2.757134593348583,0.0072451916530296406,0.08511869156084133,0.06564606174639483,5.055188414849996,0.01656005672389909,0.3042980494272449,0.9959517121311581,2.757134593348583
