Follower_ID,Run_Index,kv,kp,S_desired,Error,MSE,RMSE,MAE,MAPE,NRMSE,SSE,R-squared,Total Difference
13,1,0.9269264245854296,0.013538101598419876,5.319439727122218,135.91162429497922,0.1422477790847608,0.37715749904351736,0.22958044644422165,18.752131363645137,0.022172692477573034,84.2106852181784,0.9950188618143968,135.91162429497922
