Follower_ID,Run_Index,kv,kp,S_desired,Error,MSE,RMSE,MAE,MAPE,NRMSE,SSE,R-squared,Total Difference
2,1,1.543118819808906,0.09304373336982327,3.5704137633747646,2.772301487395893,0.006540379164312991,0.08087261071780107,0.06600717827133079,5.392949720299868,0.015733970956770635,0.27469592490114564,0.9963455297117719,2.772301487395893
