Follower_ID,Run_Index,kv,kp,S_desired,Error,MSE,RMSE,MAE,MAPE,NRMSE,SSE,R-squared,Total Difference
2,1,1.4739326275815718,0.08082067819759603,3.8770331257920967,3.059712072081102,0.00952587188756751,0.09760057319282255,0.07285028743050244,5.582663333064292,0.01898843836436236,0.40008661927783545,0.9946773703927547,3.059712072081102
