Follower_ID,Run_Index,kv,kp,S_desired,Error,MSE,RMSE,MAE,MAPE,NRMSE,SSE,R-squared,Total Difference
2,1,1.3844432179387685,0.0672044662711414,2.702041479412791,3.374451041796531,0.011108001763150301,0.10539450537457017,0.08034407242372693,5.855581597387388,0.020504767582601197,0.4665360740523126,0.9937933472379531,3.374451041796531
