Follower_ID,Run_Index,kv,kp,S_desired,Error,MSE,RMSE,MAE,MAPE,NRMSE,SSE,R-squared,Total Difference
5,1,0.5811827159286651,1e-06,4.241690710357065,40.75064480936936,0.04509546616760258,0.212356931056188,0.16431711616681194,41.11841366566123,0.0141571287370792,11.183675609565439,0.9983889250350556,40.75064480936936
