Follower_ID,Run_Index,kv,kp,S_desired,Error,MSE,RMSE,MAE,MAPE,NRMSE,SSE,R-squared,Total Difference
31,1,0.5592931895381481,0.03851678527261363,9.381494731970665,344.8491992620001,0.4425285154307135,0.6652281679474445,0.49690086348991375,16.12076690536714,0.05497753454111112,307.11478970891517,0.9699605108715224,344.8491992620001
