Follower_ID,Run_Index,kv,kp,S_desired,Error,MSE,RMSE,MAE,MAPE,NRMSE,SSE,R-squared,Total Difference
13,1,1.114420263292141,1e-06,9.541042602547781,236.28837787291232,0.18177941483856266,0.42635597197478386,0.2983439114556974,16.93458968517708,0.02506501892855872,143.96929655214163,0.9949715288362526,236.28837787291232
