Follower_ID,Run_Index,kv,kp,S_desired,Error,MSE,RMSE,MAE,MAPE,NRMSE,SSE,R-squared,Total Difference
2,1,1.4808079187762127,0.08280068695848028,3.477921783097965,2.779062408392522,0.00755601916567158,0.08692536549058381,0.06616815258077434,5.031991636386649,0.016911549706339263,0.3173528049582064,0.9957780356697211,2.779062408392522
