Follower_ID,Run_Index,kv,kp,S_desired,Error,MSE,RMSE,MAE,MAPE,NRMSE,SSE,R-squared,Total Difference
31,1,0.47105825679755364,0.025536763866235095,10.139389292621612,278.84473445659034,0.5046231390760464,0.7103683122690978,0.56446302521577,7.268423814750534,0.07103683122690978,249.28383070356693,0.9481502129638113,278.84473445659034
