Follower_ID,Run_Index,kv,kp,S_desired,Error,MSE,RMSE,MAE,MAPE,NRMSE,SSE,R-squared,Total Difference
13,1,0.9325322932591178,0.006972689549660474,2.767382392468601,135.27620651830443,0.13895493629016442,0.3727665976052098,0.22850710560524398,18.149918240756225,0.021914556002657834,82.26132228377733,0.9951341683948501,135.27620651830443
