Follower_ID,Run_Index,kv,kp,S_desired,Error,MSE,RMSE,MAE,MAPE,NRMSE,SSE,R-squared,Total Difference
2,1,1.4208971095904694,0.07827848308111968,3.03898753529522,3.2516537824940666,0.009382065511940558,0.09686106293005749,0.07742032815462063,5.437943095157471,0.018844564772384723,0.3940467515015034,0.994757722940181,3.2516537824940666
