Follower_ID,Run_Index,kv,kp,S_desired,Error,MSE,RMSE,MAE,MAPE,NRMSE,SSE,R-squared,Total Difference
31,1,0.47244223463780277,0.024772350899226234,8.395132072323213,280.3658381957537,0.5056491513652843,0.7110901147993018,0.5675421825824974,7.305970436324073,0.07110901147993018,249.79068077445044,0.9480447906900905,280.3658381957537
