Follower_ID,Run_Index,kv,kp,S_desired,Error,MSE,RMSE,MAE,MAPE,NRMSE,SSE,R-squared,Total Difference
2,1,2.78126434274823,0.31454755463051687,6.19968753785756,11.403007692849808,0.10093723103507715,0.3177062023868548,0.27150018316309066,17.78340034230918,0.061810545211450345,4.2393637034732405,0.9436008062336176,11.403007692849808
3568,1,2.608016455752814,1e-06,5.514411370219093,642.0667154754769,114.79109435524471,10.714060591355862,3.014397725236981,12.437308623874783,0.12053167500681586,24450.503097667122,0.10048152930024867,642.0667154754769
4000,1,5.764839043791424,0.012992446582456107,5.354376802253877,14.312249332857471,0.280455329989534,0.529580333839479,0.3180499851746105,184.40118764243266,1.1768451863099534,12.62048984952903,-26.866089145885574,14.312249332857471
4008,1,5.977832005035912,1e-06,6.160480419532494,0.4465301864008294,0.03426276444781317,0.18510203793533223,0.14884339546694314,21.449887980102996,0.24039225705887304,0.1027882933434395,0.6945067564589671,0.4465301864008294
