Follower_ID,Run_Index,kv,kp,S_desired,Error,MSE,RMSE,MAE,MAPE,NRMSE,SSE,R-squared,Total Difference
10,1,0.8422687503193892,0.001269839398031103,3.6651240168095884,695.0514988525972,0.330816278728609,0.5751663052792723,0.3111242161381366,46.03191352543992,0.07878990483277702,739.0435666797125,0.9314208954050827,695.0514988525972
