Follower_ID,Run_Index,kv,kp,S_desired,Error,MSE,RMSE,MAE,MAPE,NRMSE,SSE,R-squared,Total Difference
2,1,0.5270030948055077,0.0025164197384216283,3.26500659201822,538.9761903409537,1.1036919829306147,1.0505674575821462,0.6597015793646924,9.138414821565693,0.07398362377339059,901.7163500543122,0.8448788235558937,538.9761903409537
