Follower_ID,Run_Index,kv,kp,S_desired,Error,MSE,RMSE,MAE,MAPE,NRMSE,SSE,R-squared,Total Difference
2,1,1.4624673812315783,0.08263173866506454,3.7568679973880332,2.864390396166612,0.00796369444729911,0.08923953410512131,0.06819977133730029,5.11157712810753,0.017361777063253172,0.3344751667865626,0.9955502450223407,2.864390396166612
