Follower_ID,Run_Index,kv,kp,S_desired,Error,MSE,RMSE,MAE,MAPE,NRMSE,SSE,R-squared,Total Difference
2,1,0.4708443772300528,0.01150096282891792,8.546219158218912,283.1078015174414,0.3594050356924719,0.5995039913899423,0.4588457074836975,4.971255326949066,0.0758865811886003,221.75290702225516,0.9322061069847828,283.1078015174414
