Follower_ID,Run_Index,kv,kp,S_desired,Error,MSE,RMSE,MAE,MAPE,NRMSE,SSE,R-squared,Total Difference
2,1,0.5920364827075371,1e-06,6.5406950750491255,294.0377517967614,0.3504470657286565,0.591985697233182,0.47656037568356796,4.919390120982264,0.07493489838394708,216.22583955458109,0.9338958319386648,294.0377517967614
