Follower_ID,Run_Index,kv,kp,S_desired,Error,MSE,RMSE,MAE,MAPE,NRMSE,SSE,R-squared,Total Difference
2,1,0.5292307404043197,0.003918733394130007,9.54742559267873,287.8847066702702,0.34383790177954593,0.5863769280757437,0.46658785521923857,4.934106086752435,0.07422492760452452,212.14798539797982,0.9351425060505696,287.8847066702702
