Follower_ID,Run_Index,kv,kp,S_desired,Error,MSE,RMSE,MAE,MAPE,NRMSE,SSE,R-squared,Total Difference
13,1,0.9404716883249633,0.00472982354439358,2.5509349158749304,75.76623994300778,0.3467619915880806,0.5888650028555616,0.4095472429351772,4.806336233455125,0.048626342102028215,64.15096844379491,0.9677867397510808,75.76623994300778
