Follower_ID,Run_Index,kv,kp,S_desired,Error,MSE,RMSE,MAE,MAPE,NRMSE,SSE,R-squared,Total Difference
2,1,1.2707941225968635,1e-06,3.754524524363458,114.51900589049131,0.2802717054065018,0.5294069374370738,0.4438721158546175,4.63828784608999,0.07562956249101054,72.31009999487746,0.9537948251873278,114.51900589049131
