Follower_ID,Run_Index,kv,kp,S_desired,Error,MSE,RMSE,MAE,MAPE,NRMSE,SSE,R-squared,Total Difference
31,1,0.4715855859033937,0.02553752408892783,10.145557228771201,278.87929166587315,0.504622668006098,0.7103679807016205,0.5645329790807149,7.2697300477177516,0.07103679807016205,249.2835979950124,0.948150261366024,278.87929166587315
