Follower_ID,Run_Index,kv,kp,S_desired,Error,MSE,RMSE,MAE,MAPE,NRMSE,SSE,R-squared,Total Difference
31,1,0.46280914001157575,0.026599382006796957,9.84637039373387,278.7754152268757,0.5072446325432712,0.7122110870684837,0.5643227028884124,7.287589723814546,0.07122110870684836,250.57884847637598,0.9478808557594602,278.7754152268757
