Follower_ID,Run_Index,kv,kp,S_desired,Error,MSE,RMSE,MAE,MAPE,NRMSE,SSE,R-squared,Total Difference
13,1,0.9699658620191538,0.012038919879231391,8.14189956381302,138.53096637179232,0.1426312285757129,0.37766549825965423,0.23400501076316269,21.561276461825358,0.022202557216910886,84.43768731682204,0.9950054344349754,138.53096637179232
