Follower_ID,Run_Index,dmin,K,lamb,gamma,Error,MSE,RMSE,MAE,MAPE,NRMSE,SSE,R-squared,Total Difference
5366,1,3.9143481498513455,1.4893194835526944,0.21540643994613462,0.035244402631421964,241.47363331990903,0.11854228291100151,0.3442996992606899,0.27851630140704614,33.23544688366645,0.04277014897648321,102.77615928383831,0.9698781648792659,241.47363331990903
195,2,2.5944175128087212,1.8013315887054744,1e-06,0.07873298665037125,106.85871951210532,0.038917922292660265,0.1972762588165648,0.15807502886406113,7.405053500910963,0.042243310239093106,26.308515469838337,0.9782924865652166,106.85871951210532
286,3,3.8608169479658887,0.5673900605172539,0.052321479563091494,0.0274318627157928,64.52493154362122,0.06488415024238217,0.2547236742872208,0.18702878708296006,4.461427547727865,0.09195800515784146,22.38503183362185,0.9082450834472487,64.52493154362122
