Follower_ID,Run_Index,dmin,td,K,lamb,gamma,Error,MSE,RMSE,MAE,MAPE,NRMSE,SSE,R-squared,Total Difference
694,1,3.4307022950798935,0.022709361743058026,2.844483934921958,0.0020502898211455884,4.8442399151770585,237.1148234294297,0.129635913766014,0.3600498767754462,0.4280050964430139,0.5196905080800445,0.0059494931966026345,143.6365924527435,0.9991122721351346,237.1148234294297
1416,1,3.0,0.08308797257324257,2.7095720339610962,0.01089272611133904,3.9138053972901137,46.50989146370079,0.02810220606391545,0.16763712615025184,0.1816792635300812,0.26414071611221523,0.006399784075012346,14.38832950472471,0.9992115585683168,46.50989146370079
1779,1,3.0221537143210186,0.03926236787216235,1.3405746145484871,0.001,2.486556509956753,189.8804265376923,0.23884833920704246,0.4887211262131426,0.6781443804917582,0.5583262283635102,0.005901538416564606,133.75506995594378,0.9996350753961446,189.8804265376923
2342,1,3.1591181021460244,0.028920735774654177,2.1293586983704973,0.001,2.1119814309934406,20.304917490347563,0.0048266127567925315,0.06947382785475788,0.1030706471591247,0.14718668970379972,0.010073890294277334,1.9016854261762575,0.9972755019849213,20.304917490347563
