Follower_ID,Run_Index,dmin,K,lamb,gamma,Error,MSE,RMSE,MAE,MAPE,NRMSE,SSE,R-squared,Total Difference
5366,1,3.56192286883266,1.4908390520960864,0.18070761993836004,0.031453074900402236,308.78585972785436,0.13968236817823956,0.3737410442783072,0.28939630714887943,28.88243798569569,0.046427458916559895,149.0410868461816,0.9605914459300735,308.78585972785436
195,2,3.0546715007106977,1.6785939316934746,1e-06,0.07726821370794802,126.60261856517818,0.03355660399328141,0.18318461723977103,0.14452353717486094,6.63133123822917,0.0392258281027347,29.395585098114516,0.9780616473803494,126.60261856517818
286,3,2.218898991771126,0.32481924354458613,0.5478449122645427,1.262569620461527,792.6917781914235,3.5349388380352473,1.8801433025264982,1.4544803269567403,87.06853221905384,0.34817468565305526,1926.5416667292097,-0.19488007834586574,792.6917781914235
