Follower_ID,Run_Index,dmin,K,lamb,gamma,Error,MSE,RMSE,MAE,MAPE,NRMSE,SSE,R-squared,Total Difference
8,1,3.3284321730445425,0.5254766320209738,0.12457888978956579,0.012891522972642067,247.50724994744468,0.06060611605358552,0.24618309457309517,0.1906835515773842,0.7242776205061014,0.04761761984005708,78.666738637554,0.9663327119824944,247.50724994744468
12,7,3.0281333148175653,1.7166267226469885,0.06579074112559925,0.03216869662093706,17.404535651734612,0.054208944135490704,0.23282814291981693,0.1933837294637179,0.7238241303118033,0.1750587540750501,4.878804972194163,0.7689601927521421,17.404535651734612
40,9,2.5768909211148188,0.6751833118466872,1e-06,0.00856965365730214,99.9715637201471,0.15751558344524758,0.39688232946963964,0.28401012420496335,1.3243508445420797,0.09404794537195246,55.44548537272715,0.9014277470300197,99.9715637201471
