Follower_ID,Run_Index,dmin,td,K,lamb,gamma,Error,MSE,RMSE,MAE,MAPE,NRMSE,SSE,R-squared,Total Difference
8,1,3.385845018957879,0.09362784696651039,1.1467901233660414,0.07002060608269295,0.016696121140569786,377.46801483796804,0.10348704999789035,0.32169403164791593,0.2519813183164006,0.9466476060614305,0.06222321695317521,155.02360089683975,0.9467557827026459,377.46801483796804
12,7,3.208807252345078,0.09791471910772581,1.5215175697667394,0.09323321463806677,0.7952431129532436,140.76978404676876,0.36713385670966003,0.6059157174967984,0.4854130484371337,1.8313674251961671,0.2844674730031914,106.4688184458014,-0.08848806994248504,140.76978404676876
40,9,3.164141490307344,1e-06,0.9656039455590572,0.0030193754710892834,0.005593312848754195,153.15456990088836,0.12735384431656646,0.3568667038497238,0.2774539309798702,1.3568165137118156,0.07609098163107116,70.2993220627447,0.9152994118029322,153.15456990088836
