Follower_ID,Run_Index,dmin,td,K,lamb,gamma,Error,MSE,RMSE,MAE,MAPE,NRMSE,SSE,R-squared,Total Difference
694,1,2.9384032442235912,0.09967782980407941,1.9460991515622088,0.001230242541848789,3.9314750881783502,1200.0626518779336,2.9867795280844467,1.728230172194794,2.1661780719818293,1.7023237403637332,0.014383967569206584,3309.351717117567,0.9957964273665173,1200.0626518779336
1416,1,2.853060027218671,0.09290558702964012,3.7498102536796636,0.001,3.3804830518705278,211.61070020828762,0.3296932771226722,0.5741892345931542,0.8266042976886235,1.4066265316546982,0.03190847717545227,168.80295788680817,0.9783619394440944,211.61070020828762
1779,1,2.5468198654455776,0.06494254392655165,1.3191212059489943,0.0011306294783155538,3.4960642882843347,443.59226357379333,1.0595933953463517,1.0293655304829046,1.584258084192119,1.4061578651543591,0.012142102476587441,593.372301393957,0.9984669804089286,443.59226357379333
2342,1,3.3605481823801897,0.09587633471696672,1.4635268433402082,0.001,2.072788505960721,170.77197593729727,0.38469391057176444,0.6202369793649557,0.8668628220167375,1.3355506595161453,0.0875589904354323,151.5694007652752,0.7945934357641886,170.77197593729727
