Follower_ID,Run_Index,dmin,K,lamb,gamma,Error,MSE,RMSE,MAE,MAPE,NRMSE,SSE,R-squared,Total Difference
5366,1,3.2446727486967344,1.6740408240500668,0.21384401346020487,0.03274265378404294,313.1610151112698,0.14190714260442697,0.3767056445083176,0.29349673393746,28.94975182376141,0.04679573223705809,151.41492115892356,0.959963770838283,313.1610151112698
195,2,3.3275749646796413,0.9010039337082338,1e-06,0.07805540340324639,127.31591974746412,0.033547304978586406,0.18315923394299946,0.14533780793089512,6.63851924196543,0.0392203927072804,29.387439161241694,0.9780677268114931,127.31591974746412
286,3,2.3655019181530315,0.13217097938298977,0.5834756006456784,1.318731574247711,778.0728805148601,3.469042880952123,1.8625366790890652,1.4276566614951562,84.86177377611102,0.3449141998313084,1890.6283701189072,-0.17260592595744084,778.0728805148601
