Follower_ID,Run_Index,Tmax,Alpha,Beta,Wc,Gamma1,Gamma2,Wm,Error,MSE,RMSE,MAE,MAPE,NRMSE,SSE,R-squared,Total Difference
8,1,7.449835787985817,0.18158628960212037,4.818282759791905,129580.61094488676,1.3981448836252104,0.7197491374299088,2.286808586813649,45718.674343442166,1262.265711682157,35.528378962206496,30.51980930803883,2.6733766497006,0.1362948847868095,1890874.036099871,0.521783734239786,45718.674343442166
12,7,3.831421768205134,0.3872433945635496,6.2873033586440625,94622.5942237259,1.8932234202817066,1.2107905285669793,7.054957038907092,7287.319196126903,846.4711682744268,29.094177566558344,25.128686883196217,4.044105553476433,0.4802327909894818,245476.63879958374,-4.7376619203007895,7287.319196126903
40,9,2.752005633692561,0.35337516821252996,5.84716882593699,74489.22806267238,1.7267260782961984,1.4400115425870952,4.256940384374233,22378.92051669795,1962.1794773224208,44.29649509072271,40.54152267517744,7.40067050541929,0.271125213227791,1083123.0714819762,-0.8557089794406629,22378.92051669795
