Follower_ID,Run_Index,dmin,K,lamb,gamma,Error,MSE,RMSE,MAE,MAPE,NRMSE,SSE,R-squared,Total Difference
8,1,1.6553195409709947,1.0239061359667991,1e-06,0.014438077156888302,314.0486524705587,0.06722234303472813,0.25927271941862323,0.20964529537420473,0.7936338810206309,0.05014946216994645,100.69906986602274,0.9654140200165016,314.0486524705587
12,7,2.579051228935835,1e-06,0.06648422320759755,1.584009010443943,137.17886356302023,0.31154797802345247,0.558164830514654,0.4730305640104146,1.7781427965327823,0.26204921620406263,90.34891362680122,0.07631439842549204,137.17886356302023
40,9,2.5103895529382645,0.8836266711871206,0.001054924609002937,0.003992686271811666,153.56532275142902,0.12632337449911132,0.3554199973258558,0.2781980484627337,1.3632329717075697,0.07578251542129119,69.73050272350945,0.9159847574250151,153.56532275142902
