Follower_ID,Run_Index,dmin,K,lamb,gamma,Error,MSE,RMSE,MAE,MAPE,NRMSE,SSE,R-squared,Total Difference
8,1,3.7159100928810185,0.60372993529886,0.11364311241256075,0.015065296168447387,280.90747660443037,0.05789962918687479,0.24062341778570678,0.18752167997625527,0.7075816297979295,0.04654224715390845,86.73364452193843,0.9702105680089922,280.90747660443037
12,7,2.796106974470067,0.4375394131397172,0.08299853458398594,1.6265857795746186,138.8259941993093,0.32022124908095095,0.5658809495653224,0.4787103248252045,1.799336754426396,0.26567180730766277,92.86416223347578,0.05059965732785865,138.8259941993093
40,9,2.9162239188107137,1.7639019336731172,0.0005062707514182779,0.004817368648666262,153.72327491487587,0.12600014031933982,0.35496498463840037,0.27848419368636934,1.3621508617542737,0.07568549779070369,69.55207745627558,0.9161997342504022,153.72327491487587
