Follower_ID,Run_Index,dmin,K,lamb,gamma,Error,MSE,RMSE,MAE,MAPE,NRMSE,SSE,R-squared,Total Difference
5366,1,3.2612081729784035,1.5680481714515797,0.20385192143370445,0.03263234528361535,312.59784412439103,0.1414770882108225,0.37613440179119817,0.2929689260772175,28.847980407376735,0.04672477040884449,150.95605312094762,0.9600851019843998,312.59784412439103
195,2,2.8857057307605465,1.889728972152666,1e-06,0.0770330308666625,125.67136366245083,0.03369557847617404,0.18356355432431037,0.14346046080188452,6.613434142884373,0.0393069709473898,29.51732674512846,0.9779707898188559,125.67136366245083
286,3,2.363830260722306,1e-06,0.5773064822930485,1.3290637911806498,778.3492587042283,3.413194735377513,1.847483351853952,1.428163777438951,83.81782742955971,0.3421265466396208,1860.1911307807445,-0.1537281349638202,778.3492587042283
