Follower_ID,Run_Index,dmin,K,lamb,gamma,Error,MSE,RMSE,MAE,MAPE,NRMSE,SSE,R-squared,Total Difference
5366,1,2.9415523329968862,1.080407847624323,0.11072019637858604,0.034200461256900114,249.0894096022804,0.126453430632059,0.3556029114504815,0.28730035709605584,33.14267245245706,0.04417427471434553,109.63512435799514,0.9678679261575402,249.0894096022804
195,2,2.5567332507883207,0.5797042424225477,1e-06,0.08226641932882592,106.84819165564824,0.03925887586349407,0.19813852695398254,0.15805945511190567,7.405268934412061,0.042427950097212536,26.53900008372199,0.9781023105798735,106.84819165564824
286,3,4.044534593035996,0.501191485107205,0.049202861568412116,0.027064384198803235,63.96814887955962,0.06377614316055628,0.2525393893248265,0.18541492428857861,4.4159571826522255,0.09116945462990128,22.00276939039192,0.9098119545082554,63.96814887955962
