Follower_ID,Run_Index,dmin,K,lamb,gamma,Error,MSE,RMSE,MAE,MAPE,NRMSE,SSE,R-squared,Total Difference
5366,1,3.854760113185784,0.5185879401498312,0.09456712968039734,0.03613475468179568,244.25535074713014,0.1248692015859605,0.35336836528750065,0.28172474134617087,31.786346966905278,0.04389669134006219,108.26159777502775,0.9682704819793805,244.25535074713014
195,2,1.5408565917917145,0.9383858184317085,1e-06,0.08048843524757049,106.65862258553202,0.038709404851764426,0.19674705805110385,0.15777902749339057,7.385606547515932,0.04212999101736699,26.16755767979275,0.9784087927522631,106.65862258553202
286,3,3.814753807321275,0.5490776396022257,0.050563297326438855,0.027099467858328126,64.11883839532302,0.06463300439226126,0.2542302192743051,0.18585170549368993,4.44006428852821,0.09177986255390078,22.298386515330137,0.9086002374630497,64.11883839532302
