Follower_ID,Run_Index,Tmax,Alpha,Beta,Wc,Gamma1,Gamma2,Wm,Error,MSE,RMSE,MAE,MAPE,NRMSE,SSE,R-squared,Total Difference
5366,1,3.381923165155722,0.10753619770291716,4.902527451103248,114784.94609225898,1.0204568260730202,0.543278868316143,6.063733186900638,701979.8431153438,1058724.210518294,1028.9432494157752,657.9005090115687,inf,2.8614433076018724,1129658732.6230197,-139.65687603915475,701979.8431153438
195,2,7.172275859823054,0.08660983259022655,3.5159264552347036,128168.02656836297,1.8410055579637796,1.5170782163500784,7.70782320599626,349215.2093593402,400551.0798713178,632.8910489739271,398.6474992686532,255.31591378121928,3.4824154726401453,350882745.96727437,-164.16137812669015,349215.2093593402
286,3,2.1285379255850554,0.4720950828888439,7.289277487874917,81020.01630136423,1.3340057865675632,1.2803375054979422,2.2206524175078384,12975.091774352872,734.072908835365,27.093779891985633,23.807507842849308,38.104572810617654,0.24195500062110295,400069.7353152739,0.26726753962671224,12975.091774352872
