Follower_ID,Run_Index,dmin,td,K,lamb,gamma,Error,MSE,RMSE,MAE,MAPE,NRMSE,SSE,R-squared,Total Difference
694,1,6.9822815392037745,1.762801183775954,1.1673449574819768,0.0024157758561396607,2.8622784790586895,251.12112383308346,0.304916611257377,0.5521925490781064,0.4532872271355297,0.6432257910517143,0.0060669400101976585,168.92380263658686,0.9990899620639526,251.12112383308346
1416,1,9.878822456424,1.5743518259495537,1.5653732931231228,0.008543893647761477,3.035309484177438,35.43428563818592,0.027618025371780916,0.16618671839765328,0.13841517827416375,0.35693275890578374,0.0054862690919381014,7.0702144951759145,0.9993868123207583,35.43428563818592
1779,1,7.243824059364302,1.630247234884533,1.3579161968833176,0.0018528887904339106,3.1837108835602628,201.98492345555505,0.6627780351039615,0.8141118074957281,0.7213747266269823,0.5520567490957189,0.006274004595791676,185.5778498291092,0.9996012075964753,201.98492345555505
2342,1,5.759366454985722,1.4371547986020456,1.530433159128541,0.0010029548059542186,3.3054746635947856,20.316318325729448,0.009653181045309865,0.09825060328216752,0.10312851941994643,0.1598137066111027,0.010075276234421778,1.9016766659260436,0.9972747238185538,20.316318325729448
