Follower_ID,Run_Index,dmin,td,K,lamb,gamma,Error,MSE,RMSE,MAE,MAPE,NRMSE,SSE,R-squared,Total Difference
694,1,11.610535073683888,1.7666787131857589,1.2256535311258283,0.01,8.391622716483962,4058.0047379687862,136.3489287116412,11.67685440140628,7.324918299582646,9.075676022662039,0.09105496369905373,75537.30650624921,0.8136374934782962,4058.0047379687862
1416,1,9.734997648628354,1.8699375758337695,0.9731984466267912,0.08350608131972863,3.225816511026527,516.9441809956598,9.364547309956217,3.0601547852937467,2.0193132070142963,5.547096320705655,0.11692777466861097,2397.3241113487916,0.7112913921406969,516.9441809956598
1779,1,10.859163623585063,1.1190390204715754,1.2407617272546716,0.1,4.594422625560636,5321.575334158143,403.1607790434325,20.078863987871237,19.00562619342194,17.27185209082382,0.11889114659013733,112885.01813216112,0.8684614480706785,5321.575334158143
2342,1,5.767569044070908,0.9376446955028851,1.2378946818645278,0.05797968076725858,5.824663478420174,628.0977176204577,20.12889640344166,4.48652386636265,3.1883132874134907,7.8100315384228365,0.7160993890683696,3965.392591478007,-13.148702442762069,628.0977176204577
