Follower_ID,Run_Index,dmin,td,K,lamb,gamma,Error,MSE,RMSE,MAE,MAPE,NRMSE,SSE,R-squared,Total Difference
5366,1,3.183736552346519,0.01,3.1688301576606044,0.001,2.273269451340563,201.4605444466345,0.014079085399109336,0.11865532183222688,0.18881025721334066,0.49317860555290893,0.0063515167643989024,30.044768241699323,0.998594500199977,201.4605444466345
195,2,3.403315135032757,0.08414456524935088,1.4301793684558395,0.001,3.929718563713809,117.04592627167479,0.0065739103729599005,0.0810796544945765,0.13361407108638673,0.6781463108224012,0.008046311207209117,11.517490973425746,0.9982321402738921,117.04592627167479
286,3,3.2228478185398353,0.06004402234036724,2.06898944856059,0.001,3.848766526367728,68.206391612126,0.007601374803113037,0.08718586355088213,0.12514934240757064,0.3596528300975122,0.003084585580045868,8.285498535393211,0.9998454989371214,68.206391612126
