Follower_ID,Run_Index,dmin,td,K,lamb,gamma,Error,MSE,RMSE,MAE,MAPE,NRMSE,SSE,R-squared,Total Difference
8,1,3.167372427608224,0.5460912729713512,1.302040139444144,1e-06,0.7414547772008586,317.08292039818946,0.06589565052592578,0.2567014813473537,0.21167084138730938,0.8063886173414287,0.0496521240517125,98.7116844878368,0.9660966049798074,317.08292039818946
12,7,2.6112285928459644,0.09484649999462358,1.9626600927045796,0.11878475952871997,1.7447999268834815,396.21323463113663,2.33044997924531,1.526581140734193,1.366252533210816,5.053381292909143,0.7167047609080709,675.8304939811399,-5.909379109680698,396.21323463113663
40,9,3.1475032528314175,0.06790267671321458,0.8771672568652753,0.00059708379128387,0.1468790470204436,148.35550484785585,0.12190812892954064,0.3491534461086424,0.2687599725504635,1.3146736974067046,0.07444636377582992,67.29328716910643,0.9189212521871797,148.35550484785585
