Follower_ID,Run_Index,dmin,K,lamb,gamma,Error,MSE,RMSE,MAE,MAPE,NRMSE,SSE,R-squared,Total Difference
5366,1,4.128913393523135,1.4013512999550066,0.17921708901971656,0.03481429857135114,239.79725920533508,0.11713127915992601,0.34224447279675096,0.2765827672495214,33.17888408283072,0.04251484134121129,101.55281903165584,0.9702367038014204,239.79725920533508
195,2,2.3297153715184513,1.2673981609138851,1e-06,0.08107862089590324,106.94699498149595,0.03884603122614839,0.19709396547370087,0.1582056138779526,7.378614276553602,0.04220427526203445,26.259917108876312,0.9783325857329063,106.94699498149595
286,3,3.6725647508577364,1.0013921092457385,0.05562305519504929,0.02913477637114266,65.43184617856659,0.06617539596614959,0.25724578901538814,0.18965752515526546,4.517738588471636,0.09286851589003184,22.830511608321608,0.9064190882975738,65.43184617856659
