Follower_ID,Run_Index,dmin,td,K,lamb,gamma,Error,MSE,RMSE,MAE,MAPE,NRMSE,SSE,R-squared,Total Difference
8,1,3.287834236649865,0.07616316627195505,2.921846042116555,0.001,4.709342612446916,11973.195869333897,41.593003255205545,6.449263776215511,7.9927876297289036,0.9362244326476374,0.011759143624518062,124612.63775259581,0.996875556431887,11973.195869333897
12,7,3.0416231062339874,0.01,1.0780766473553287,0.001,5.254144916492272,519.4881440985985,1.9000582359239535,1.3784259994370223,1.7913384279262017,0.2954767811124545,0.028974787274562364,1102.033776835893,0.9792937476574606,519.4881440985985
40,9,3.1092213700584237,0.1,2.443416797026517,0.001,4.661745131826498,1082.613032746665,2.3897421262624903,1.545879078797074,1.9612554941062774,0.4585566357010179,0.00890383165967205,2638.2753073937893,0.9981421119810815,1082.613032746665
