Follower_ID,Run_Index,dmin,K,lamb,gamma,Error,MSE,RMSE,MAE,MAPE,NRMSE,SSE,R-squared,Total Difference
5366,1,3.915905219099626,1.4423607732256356,0.18945902597038944,0.03252409178960752,305.98539594226327,0.1376558903478647,0.3710200673115468,0.28677169254195245,28.628491907291178,0.04608944935547165,146.87883500117164,0.9611631756493745,305.98539594226327
195,2,2.9840618820300944,1.1318655130711004,0.005555714188568706,0.06942473109458538,126.59069156210775,0.0370448685336763,0.19247043547952059,0.14450992187455222,6.787221416861428,0.04121422601274531,32.45130483550044,0.9757811193050671,126.59069156210775
286,3,2.514793106057119,0.18392062977131968,0.5223239650224892,1.1889991728057694,791.7631568853619,3.5717842336739154,1.8899164620887123,1.4527764346520402,87.4411486244143,0.34998453001642826,1946.622407352284,-0.20733455952491964,791.7631568853619
