Follower_ID,Run_Index,dmin,td,K,lamb,gamma,Error,MSE,RMSE,MAE,MAPE,NRMSE,SSE,R-squared,Total Difference
8,1,2.7383996723113833,1e-06,1.6641855310453935,1e-06,0.01877448661827931,332.163495328743,0.07268172497635146,0.2695954839687628,0.22173798086030908,0.8419307138191892,0.05214612842722683,108.8772240145745,0.9626051611456093,332.163495328743
12,7,2.898679347290219,0.06256174955108362,1.0284052275896585,0.11942799320120825,1.4407395778605263,138.62742528277025,0.3579280728797965,0.5982709025849381,0.4780256044233457,1.8046210415570554,0.28087835802109734,103.79914113514099,-0.06119452103615175,138.62742528277025
40,9,3.495899261034338,0.13121037361478927,1.7188726564263428,0.0009258003828331446,0.0038566949070397982,153.61666340123259,0.12560896218207862,0.35441354683770004,0.2782910568862909,1.3626725747255444,0.0755679204344776,69.3361471245074,0.9164598992928764,153.61666340123259
