Follower_ID,Run_Index,dmin,K,lamb,gamma,Error,MSE,RMSE,MAE,MAPE,NRMSE,SSE,R-squared,Total Difference
8,1,3.2121481812426316,0.6163671899204346,0.11801272806838575,0.015200729082942677,281.4665231882564,0.05808085683780944,0.2409997029828241,0.18789487529256102,0.7088339825923291,0.04661502959048821,87.00512354303854,0.9701173261548003,281.4665231882564
12,7,2.468984067331576,0.3975819108532891,0.0786644111637105,1.4716739129203444,138.65549889677686,0.3199746723451125,0.5656630378105967,0.4781224099888857,1.7972385301015057,0.2655695013195286,92.79265498008263,0.05133071448965498,138.65549889677686
40,9,2.604395237483585,0.7348877210731226,0.002652840556915337,0.004654868319178773,153.38730683741778,0.12617433579433004,0.3552102698322925,0.27787555586488727,1.3593755173395738,0.07573779740560606,69.64823335847018,0.9160838801961166,153.38730683741778
