Follower_ID,Run_Index,dmin,td,K,lamb,gamma,Error,MSE,RMSE,MAE,MAPE,NRMSE,SSE,R-squared,Total Difference
8,1,6.854436867116402,1.311147798180301,1.6229504355511595,0.0006313092812175337,2.063907398436327,7716.069507677856,34.79731659523666,5.898925037262014,5.1509142240840164,0.22573737470549024,0.007792419108698313,52126.38025966452,0.99862152403506,7716.069507677856
12,7,7.985667007932243,1.8763674475530912,1.8551291994550092,0.0012890481608854947,3.69902113130848,665.7335698907672,6.226138266150164,2.495223089455162,2.295632999623335,0.34536247126924796,0.03686359460841631,1805.5800971835477,0.9665014510176468,665.7335698907672
40,9,11.070441908545464,1.324616842567892,1.6214580536046412,0.0003587632813095193,2.8369497489342312,419.29412287166036,0.6882746786801572,0.8296232148874314,0.7595908023037325,0.11874482458106075,0.004871998112458851,379.92762263144675,0.9994045250617524,419.29412287166036
