Follower_ID,Run_Index,dmin,td,K,lamb,gamma,Error,MSE,RMSE,MAE,MAPE,NRMSE,SSE,R-squared,Total Difference
8,1,2.9360725017942215,0.2666954254316618,2.887098690382108,-1.0114940558428447,0.9231043176674579,1349.4874776072359,2.952240371724539,1.7182084773753559,0.9008594643573004,3.4182837505913457,0.332342065256355,4422.456076843359,-0.5189313819393533,1349.4874776072359
12,7,3.3352911168808324,0.08345232596930462,2.383663930838974,0.06838926457948549,1.0797599397602708,216.2597281338106,0.8099064551818145,0.8999480291560255,0.7457232004614158,2.8069540809975146,0.42251081181034006,234.87287200272618,-1.4012318616857682,216.2597281338106
40,9,3.5747751387531044,-0.14105128876245981,2.558874515501627,0.035526570215713996,0.4341789414812425,897.3217461594927,4.900556998223338,2.2137201716168504,1.6255828734773419,8.217184416587715,0.47200856537672703,2705.1074630192825,-2.2592660431278335,897.3217461594927
