Follower_ID,Run_Index,dmin,td,K,lamb,gamma,accl,Error,MSE,RMSE,MAE,MAPE,NRMSE,SSE,R-squared,Total Difference
5366,1,10.299131147918075,1.138676182154427,2.3331170908493624,0.09503386337513138,5.546562855511944,0.23533728903308462,6487.480343381834,26.37844204783061,5.135994747644375,6.080112786674634,25085139.703052532,0.12544967208678764,28145.797665035258,0.46587015903844275,6487.480343381834
195,2,10.46013588531732,2.17569419255534,2.7213985732760366,0.07587450989277617,5.599674045477767,0.1344472905571593,5018.72933551891,33.710640329581814,5.806086490019057,5.729143077076381,17.89984671946102,0.16070018053685325,29530.52092871367,0.4076284430994126,5018.72933551891
286,3,10.420274428117954,1.8005757932972837,1.478205013702783,0.06580597184753204,3.927783935036322,0.1996474068858921,8172.761924496954,525.7543881127706,22.929334663543347,14.99589343944395,40.21783840687599,0.23798468293799369,286536.14152145997,0.24416204718390822,8172.761924496954
