Follower_ID,Run_Index,dmin,td,K,lamb,gamma,accl,Error,MSE,RMSE,MAE,MAPE,NRMSE,SSE,R-squared,Total Difference
694,1,7.738722432212019,1.1510254887133564,2.032391993200884,0.01126422762870928,3.8908832544003067,0.8629514659157371,3301.6883185027527,85.21697404674144,9.231304027424372,5.959726206683669,8.591244897014404,0.08380345537081225,47210.203621894754,0.8347510594355476,3301.6883185027527
1416,1,10.0527527230034,2.703481927567325,2.897860209502197,0.08024174103090152,5.043122085915285,2.3080063521497216,532.4766135802124,10.127304271013129,3.1823425759985566,2.0799867717977047,5.775685672523127,0.12298323623973824,2592.589893379361,0.6797786973817217,532.4766135802124
1779,1,6.877352797093183,2.7574305571212703,1.2206719980475986,0.08232589484884993,4.604706451665434,-5.128963163104804,1046.8083268860546,13.653531340531444,3.6950685163514145,3.738601167450195,7.6614662858134865,0.041361164753606655,3822.988775348804,0.9805209301236955,1046.8083268860546
2342,1,10.238703457101858,2.168415884528063,1.2403051800934635,0.08022838562454976,4.31892076512141,1.0810608879850658,457.13681947138855,9.122653967687471,3.0203731504050078,2.3204914693979113,5.916353944166598,0.5313498815501622,1797.1628316344318,-6.827313401173745,457.13681947138855
