Follower_ID,Run_Index,dmin,td,K,lamb,gamma,Error,MSE,RMSE,MAE,MAPE,NRMSE,SSE,R-squared,Total Difference
5366,1,8.380030520390147,2.3431613640553146,1.7663454202754576,0.782710708304394,3.5823673467524406,3460.1225609044777,9.195730060312249,3.032446217216762,3.2428515097511506,2261788.863057336,0.11241211699205866,9811.843974353169,0.5456163664636289,3460.1225609044777
195,2,7.532495890215389,2.3141897691602322,1.5414301602791254,1.089071307894936,2.875670486099212,1977.5530216446,4.413811442351729,2.1009072902800185,2.2574806183157534,19.428098533931053,0.13906579693706075,3866.498823500115,0.500696218610261,1977.5530216446
286,3,5.922611788842973,1.8150080088877074,1.8824692658887554,0.8298086849541078,3.121759720823052,1583.861977479301,7.118669748464351,2.6680835347612994,2.906168766017066,19.623872705757176,0.1463418866871596,3879.675012913071,0.5584957935508765,1583.861977479301
