Follower_ID,Run_Index,dmin,K,lamb,gamma,Error,MSE,RMSE,MAE,MAPE,NRMSE,SSE,R-squared,Total Difference
8,1,2.5563154399372405,0.6441860212647038,0.20230168485587208,0.013845181745928123,250.61591917055745,0.061541580438118026,0.24807575544199806,0.19307852016221683,0.7319324308973502,0.04798370511450638,79.8809714086772,0.9658130524016638,250.61591917055745
12,7,2.538724482345903,1.3718882666446086,0.06012117437113145,0.012485193272722322,9.359749816517933,0.01579701954646714,0.12568619473302206,0.1039972201835326,0.39451902947122314,0.09450089829550518,1.4217317591820429,0.9326727275487198,9.359749816517933
40,9,2.938592716046162,0.27866424102199117,0.10434943291803794,0.006249068435615346,98.83217726843071,0.1310234164391704,0.36197156855086066,0.28077323087622363,1.321813229184085,0.08577525321110437,46.120242586587985,0.9180063770977788,98.83217726843071
