Follower_ID,Run_Index,dmin,td,K,lamb,gamma,accl,Error,MSE,RMSE,MAE,MAPE,NRMSE,SSE,R-squared,Total Difference
8,1,8.149059592487852,2.7115022059679044,1.891570443050957,0.01,3.6438668205731717,5.978346791416465,23843.5342654467,274.7228955728978,16.57476683313819,15.916912059710747,1.037254338681026,0.04825972277481261,411534.8975682009,0.941292281032512,23843.5342654467
12,7,9.247750735872316,1.1347240566743018,1.3150142226470425,0.06028577374025044,4.553915749818563,7.508899146502594,1333.8752520155745,34.92272022562618,5.909544840816945,4.599569834536464,1.740345333242574,0.2969966393391351,10127.588865431591,-1.3140504206725874,1333.8752520155745
40,9,5.235172096270089,1.1233849990010782,2.7252072802624934,0.01,3.725961267947778,7.046078257733488,3361.934962208421,41.05085724234186,6.407094290108572,6.090461888058734,1.087265886162557,0.047788590179256026,22660.07319777271,0.9407924909254393,3361.934962208421
