Follower_ID,Run_Index,Tmax,Alpha,Beta,Wc,Gamma1,Gamma2,Wm,Error,MSE,RMSE,MAE,MAPE,NRMSE,SSE,R-squared,Total Difference
694,1,4.401156865991867,0.5165119390111751,3.489024702736643,127675.85006844095,0.5119627499956099,1.9058475293210588,7.394381388981894,11545.832485792162,474.19726305377753,21.776070881905614,20.840852862440727,22.135111592725902,0.15709201173281295,262705.28373179276,0.4594108963387143,11545.832485792162
1416,1,7.6137876339959,0.43959920341561687,2.8414313393530755,88475.6786332071,0.8199844998322738,1.8618264690424513,3.546418879187607,6053.598299229144,639.7906233425817,25.29408277330059,23.646868356363843,32.68440141990721,0.4746227354881892,163786.39957570093,-2.8294388855535724,6053.598299229144
1779,1,7.691517783750489,0.5641070289866038,4.42690281245426,103822.9432539929,1.5790814818045866,0.7362375447545818,7.8503139853916,9045.200304347523,1614.3726703787866,40.17925671759977,32.30428680124115,50.23614463284654,0.2768124235057546,452024.34770606016,0.25194974871376885,9045.200304347523
2342,1,2.4932040567715488,0.1181400118258558,5.196135253161787,89709.17752353547,1.2901867024857245,1.1588983273559061,4.8016937144612175,4080.9222084396797,519.4673641596129,22.79182669641933,20.71534115959228,16.81679038629799,0.8618978232965266,102335.07073944373,-16.61206725131253,4080.9222084396797
