Follower_ID,Run_Index,lamb,gamma,Error,MSE,RMSE,MAE,MAPE,NRMSE,SSE,R-squared,Total Difference
694,1,4.604268703446541,8.039223750457996,51381.67158603089,13849.596651293921,117.68430928247793,92.74669961377417,47.49353869348303,0.42525669867669325,7672676.544816832,-1.9604067458973184,51381.67158603089
1416,1,2.5702369465193065,14.455367094348563,12355.657193069179,2754.9789092208034,52.48789297753153,48.26428591042648,50.09864269395491,0.7371286294721036,705274.6007605257,-7.264144012967001,12355.657193069179
1779,1,2.0771364469142153,10.450713400388658,42180.14234590095,26997.424464461696,164.30892995957856,150.64336552107483,63.59498545986951,0.6486237389983592,7559278.850049274,-2.681061716584446,42180.14234590095
2342,1,1.3669232412907257,12.179290953279196,11595.651964592613,4232.637476451406,65.05872329251018,58.86117748524169,50.70796609855993,2.5965881483718602,833829.5828609269,-160.48737774572353,11595.651964592613
