Follower_ID,Run_Index,dmin,K,lamb,gamma,Error,MSE,RMSE,MAE,MAPE,NRMSE,SSE,R-squared,Total Difference
8,1,3.085352713008975,0.6180672357400193,0.12352131621542956,0.014931858593164898,281.03730856728794,0.05812525938880581,0.24109180697154728,0.18760835017842986,0.7075863252812609,0.04663284467534762,87.07163856443111,0.9700944809865029,281.03730856728794
12,7,2.968187598367975,0.40043052859039513,0.0837322451099805,1.7585938658861573,138.8526636496094,0.31893199198925865,0.5647406413472105,0.478802288446929,1.7993693386925413,0.2651364513367182,92.49027767688501,0.05442208050607722,138.8526636496094
40,9,2.6055824736763755,0.6533827892747917,0.0017864126350142229,0.003734107309152024,153.91162689550782,0.1268621747531567,0.356177167647165,0.2788254110425866,1.3670815860409957,0.07594395898660232,70.02792046374249,0.9156264117568236,153.91162689550782
