Follower_ID,Run_Index,dmin,K,lamb,gamma,Error,MSE,RMSE,MAE,MAPE,NRMSE,SSE,R-squared,Total Difference
2,1,1.7609929492700742,2.6870908075565736,0.06672121982111623,0.020246562200002566,6.336877543110253,0.030095809918597404,0.17348143969484864,0.1508780367407203,11.614253037683248,0.033751252858919965,1.264024016581091,0.9831838123777605,6.336877543110253
