Follower_ID,Run_Index,dmin,K,lamb,gamma,Error,MSE,RMSE,MAE,MAPE,NRMSE,SSE,R-squared,Total Difference
2,1,2.5912113844311953,2.3133305584247865,0.07261669911339705,0.019479569141205313,6.174342423944337,0.029272443445526566,0.17109191519626685,0.14700815295105563,11.707685159390827,0.03328636482417643,1.2294426247121157,0.9836438726031033,6.174342423944337
