Follower_ID,Run_Index,dmin,K,lamb,gamma,Error,MSE,RMSE,MAE,MAPE,NRMSE,SSE,R-squared,Total Difference
5,1,3.5065421800857255,1.816225283342114,0.16245630090497198,0.00951587855493767,53.3607733633559,0.07037426208513604,0.26528147708638844,0.21516440872320927,63.96966788082447,0.017685431805759228,17.45281699711374,0.9974858179445266,53.3607733633559
