Follower_ID,Run_Index,dmin,K,lamb,gamma,Error,MSE,RMSE,MAE,MAPE,NRMSE,SSE,R-squared,Total Difference
13,1,2.9639745785567513,0.7116090371576552,0.15484798191061994,0.010968116466723882,164.56979643125723,0.15645148675078988,0.3955394882319462,0.2779895209987453,32.31194727162331,0.023253350278186133,92.61928015646761,0.9945214858195826,164.56979643125723
