Follower_ID,Run_Index,dmin,K,lamb,gamma,Error,MSE,RMSE,MAE,MAPE,NRMSE,SSE,R-squared,Total Difference
31,1,2.810986939022531,1.7671531335995367,0.05454631907269045,0.041863407070867956,289.1550074374735,0.5584670685030662,0.7473065425266034,0.5853340231527804,8.984016710807028,0.07473065425266034,275.8827318405147,0.9426177748772537,289.1550074374735
