Follower_ID,Run_Index,dmin,K,lamb,gamma,Error,MSE,RMSE,MAE,MAPE,NRMSE,SSE,R-squared,Total Difference
13,1,3.529538299100646,0.8327951395022309,0.18365228296928027,0.008121558498518505,170.5839925412253,0.1461336418722774,0.38227430187272254,0.2881486360493671,33.88854152030933,0.022473503931376985,86.51111598838821,0.9948827892539712,170.5839925412253
