Follower_ID,Run_Index,dmin,K,lamb,gamma,Error,MSE,RMSE,MAE,MAPE,NRMSE,SSE,R-squared,Total Difference
2,1,3.442400881448934,2.7633789722529754,0.1045657061348056,0.029442908426964717,11.431350323782402,0.09756429311316749,0.31235283432869226,0.2721750077091048,25.119572413032227,0.07115098731860871,4.0977003107530345,0.9331821051437238,11.431350323782402
3568,1,2.7911525405881643,1.3350593002358992,0.11926247554543104,0.7171852339022072,477.2298188819122,74.92982325573726,8.656201433408148,2.2405155816052216,40.15209166760776,0.0791822304556179,15960.052353472038,0.01511185846206431,477.2298188819122
4000,1,2.8557604586391037,1.40907101643597,1e-06,0.5799082364984252,5.815002224898761,0.025215394160843868,0.15879355831029127,0.1292222716644169,90.98035639553689,0.20893889251354114,1.134692737237974,0.45544274734117085,5.815002224898761
4008,1,2.7446509752738137,1.5578881570280558,0.19305303846304395,0.3524040541976538,0.03812912914201049,0.00046971982931716616,0.021673020770468666,0.012709709714003497,0.06919452606248924,0.040892492019752195,0.0014091594879514985,0.9911150095337232,0.03812912914201049
