Follower_ID,Run_Index,dmin,K,lamb,gamma,Error,MSE,RMSE,MAE,MAPE,NRMSE,SSE,R-squared,Total Difference
2,1,2.9103357681033724,1.4063063375068663,0.07681261417654636,0.016864732144008812,6.113219834896938,0.030526164689533213,0.17471738519544416,0.14555285321183187,12.134031180699301,0.03399170918199303,1.282098916960395,0.9829433494498062,6.113219834896938
