Follower_ID,Run_Index,dmin,K,lamb,gamma,Error,MSE,RMSE,MAE,MAPE,NRMSE,SSE,R-squared,Total Difference
10,1,2.5954915139442853,1.837919263092365,0.0016459821656968077,0.051898800324226946,764.9661808128192,0.3480488643333036,0.5899566630976412,0.3424199556010829,60.63537922384599,0.08081598124625222,777.5411629206003,0.9278485340473916,764.9661808128192
