Follower_ID,Run_Index,dmin,K,lamb,gamma,Error,MSE,RMSE,MAE,MAPE,NRMSE,SSE,R-squared,Total Difference
2,1,2.858072276961851,1.8606897707867143,0.07515745579657615,0.01911852480728618,6.057764452128567,0.02985137915919736,0.17277551666598298,0.14423248695544208,11.66207892654938,0.03361391374824571,1.253757924686289,0.9833203893139466,6.057764452128567
