Follower_ID,Run_Index,dmin,K,lamb,gamma,Error,MSE,RMSE,MAE,MAPE,NRMSE,SSE,R-squared,Total Difference
2,1,2.6975667009184527,1.0791264488277357,0.02750854815459175,0.024096541627282045,270.13891714816606,0.3344150534157987,0.5782863074773591,0.4378264459451638,4.663612115247127,0.07320079841485559,206.3340879575478,0.9369199201389384,270.13891714816606
