Follower_ID,Run_Index,dmin,K,lamb,gamma,Error,MSE,RMSE,MAE,MAPE,NRMSE,SSE,R-squared,Total Difference
2,1,3.6348744469832606,0.8826438413568282,0.07937924730551472,0.01729041612376367,6.320715037385081,0.030544109643429733,0.17476873188139155,0.15049321517583525,12.13147056800541,0.034001698809609245,1.2828526050240487,0.9829333226150936,6.320715037385081
