Follower_ID,Run_Index,dmin,K,lamb,gamma,Error,MSE,RMSE,MAE,MAPE,NRMSE,SSE,R-squared,Total Difference
2,1,3.28976777351771,0.6888810906935364,0.07888679091927323,0.017028309595475653,6.336162867321071,0.03169107650909923,0.17801987672476136,0.1508610206505017,12.492066656193138,0.03463421726162672,1.3310252133821674,0.9822924490163515,6.336162867321071
