Follower_ID,Run_Index,dmin,K,lamb,gamma,Error,MSE,RMSE,MAE,MAPE,NRMSE,SSE,R-squared,Total Difference
31,1,2.8527127017579157,1.693715319790523,0.0521450532290011,0.04094540833116957,289.7420358345072,0.5662190994212828,0.7524753148251992,0.586522339745966,9.082959196195437,0.07524753148251992,279.7122351141137,0.9418212573950324,289.7420358345072
