Follower_ID,Run_Index,dmin,K,lamb,gamma,Error,MSE,RMSE,MAE,MAPE,NRMSE,SSE,R-squared,Total Difference
10,1,2.911703201098553,1.1583218491120582,1e-06,0.04680448935684847,764.0043847499169,0.3502817052385532,0.5918460148033043,0.3419894291628992,61.977854839404856,0.08107479654839786,782.5293295029278,0.9273856601205903,764.0043847499169
