Follower_ID,Run_Index,dmin,K,lamb,gamma,Error,MSE,RMSE,MAE,MAPE,NRMSE,SSE,R-squared,Total Difference
13,1,3.9128793981712326,0.8627196324756018,0.2102788571275438,0.006028563991546998,175.57148244752216,0.14170644636678115,0.37643916688726897,0.2965734500802739,38.16828720873351,0.02213046248602404,83.89021624913444,0.9950378178437281,175.57148244752216
