Follower_ID,Run_Index,dmin,K,lamb,gamma,Error,MSE,RMSE,MAE,MAPE,NRMSE,SSE,R-squared,Total Difference
5,1,3.876223825205566,1.633677380017472,0.18593734184488597,0.006345495945369262,48.93937513936268,0.061754175051231715,0.2485038733123323,0.19733619007807532,57.87643583265712,0.016566924887488822,15.315035412705464,0.9977937780921021,48.93937513936268
