Follower_ID,Run_Index,dmin,K,lamb,gamma,Error,MSE,RMSE,MAE,MAPE,NRMSE,SSE,R-squared,Total Difference
2,1,3.2536819435633157,2.4737600422823545,1e-06,0.02502506127424453,273.816869240843,0.31276465871305836,0.5592536622258797,0.4437874704065527,4.596961368479641,0.0707916028134025,192.97579442595702,0.9410037931970519,273.816869240843
