Follower_ID,Run_Index,dmin,K,lamb,gamma,Error,MSE,RMSE,MAE,MAPE,NRMSE,SSE,R-squared,Total Difference
31,1,2.8838701593880245,1.758107636438702,0.05382874909261573,0.044585172308987495,290.16495296106143,0.5578950079444346,0.7469236961995747,0.5873784472895981,8.730498705876432,0.07469236961995747,275.6001339245507,0.9426765538270085,290.16495296106143
