Follower_ID,Run_Index,dmin,K,lamb,gamma,Error,MSE,RMSE,MAE,MAPE,NRMSE,SSE,R-squared,Total Difference
2,1,2.584221148262248,1.1379150552346562,0.019012962737110367,0.025619730198500265,270.6445928690322,0.3254756821222223,0.5705047608234504,0.43864601761593547,4.6672138930069895,0.07221579250929752,200.81849586941115,0.9386061368607836,270.6445928690322
